Date,Arrivals,lags_1,lags_2,lags_12,roll_mean_3,roll_mean_6,roll_mean_12,roll_std_3,roll_std_6,roll_std_12,growth_yoy,month_sin,month_cos,quarter,year,saison_1,saison_2,saison_3,Oil_price_lag1,FDI_lag1,Poverty_rate_lag1,REER_lag1,is_covid,cdm_event
1996-01-01,171360.0,137600.0,165120.0,165120.0,174293.33333333334,238506.66666666666,229333.33333333334,42037.49437506167,81016.68634711411,63554.717632394,3.77906976744186,0.49999999999999994,0.8660254037844387,1,1996,False,False,False,17.18,355472182.1917808,15.957534246575342,109.6886691780822,0,0
1996-02-01,171360.0,171360.0,137600.0,165120.0,158026.66666666666,212026.66666666666,229853.33333333334,17963.043543156655,70292.31157578093,63004.71401314974,3.77906976744186,0.8660254037844386,0.5000000000000001,1,1996,False,False,False,16.98,357393800.0,16.0,109.71772,0,0
1996-03-01,228480.0,171360.0,171360.0,220160.0,160106.66666666666,185546.66666666666,230373.33333333334,19491.34508784199,40440.79260680565,62445.14295594077,3.77906976744186,1.0,6.123233995736766e-17,1,1996,True,False,False,16.78,418542358.7431694,16.0,109.68616267759565,0,0
1996-04-01,257040.0,228480.0,171360.0,247680.0,190400.0,182346.66666666666,231066.66666666666,32978.247376111554,34924.39987554069,62367.575103112875,3.77906976744186,0.8660254037844387,-0.4999999999999998,2,1996,True,False,False,18.55,475745849.1803279,16.0,109.6566413114754,0,0
1996-05-01,257040.0,257040.0,228480.0,247680.0,218960.0,188493.33333333334,231846.66666666666,43626.1206159797,44768.572309899115,62652.11965264781,3.77906976744186,0.49999999999999994,-0.8660254037844387,2,1996,True,False,False,20.8,536894407.9234973,16.0,109.62508398907104,0,0
1996-06-01,285600.0,257040.0,257040.0,275200.0,247520.0,203813.33333333334,232626.66666666666,16489.12368805598,50527.7027645891,62924.83096135541,3.77906976744186,1.2246467991473532e-16,-1.0,2,1996,False,True,False,18.95,596070432.5136611,16.0,109.59454464480876,0,0
1996-07-01,342720.0,285600.0,257040.0,330240.0,266560.0,228480.0,233493.33333333334,16489.12368805598,47790.02071562638,63632.14586888288,3.77906976744186,-0.4999999999999997,-0.8660254037844388,3,1996,False,True,False,19.36672131147541,657218991.2568307,16.0,109.56298732240435,0,0
1996-08-01,342720.0,342720.0,285600.0,330240.0,295120.0,257040.0,234533.33333333334,43626.1206159797,57119.999999999985,65433.60122824488,3.77906976744186,-0.8660254037844384,-0.5000000000000004,3,1996,False,True,False,19.77,716395015.8469946,16.0,109.53244797814207,0,0
1996-09-01,257040.0,342720.0,342720.0,247680.0,323680.0,285600.0,235573.33333333334,32978.247376111554,47790.02071562638,67169.2079525261,3.77906976744186,-1.0,-1.8369701987210297e-16,3,1996,False,False,True,18.84,777543574.590164,16.0,109.5008906557377,0,0
1996-10-01,228480.0,257040.0,342720.0,220160.0,314160.0,290360.0,236353.33333333334,49467.37106416722,42039.18172372053,67376.60307869672,3.77906976744186,-0.8660254037844386,0.5000000000000001,4,1996,False,False,True,21.045573770491803,838692133.3333334,16.0,109.46933333333334,0,0
1996-11-01,171360.0,228480.0,257040.0,165120.0,276080.0,285600.0,237046.66666666666,59452.380944752826,47790.02071562638,67237.48269222963,3.77906976744186,-0.5000000000000004,0.8660254037844384,4,1996,False,False,True,23.18,897868157.9234973,16.0,109.43879398907104,0,0
1996-12-01,142800.0,171360.0,228480.0,137600.0,218960.0,271320.0,237566.66666666666,43626.12061597969,66979.13705027856,66652.23031572618,3.77906976744186,-2.4492935982947064e-16,1.0,4,1996,False,False,False,22.3,959016716.6666667,16.0,109.40723666666666,0,0
1997-01-01,192180.0,142800.0,171360.0,171360.0,180880.0,247520.0,238000.0,43626.12061597969,84078.3634474411,65956.49475222286,12.14985994397759,0.49999999999999994,0.8660254037844387,1,1997,False,False,False,21.47549668874172,1018192741.2568308,16.0,109.37669732240435,0,0
1997-02-01,192180.0,192180.0,142800.0,171360.0,168780.0,222430.0,239735.0,24790.8934893442,71509.83568712766,64297.116646789924,12.14985994397759,0.8660254037844386,0.5000000000000001,1,1997,False,False,False,20.62350993377484,1079341300.0,16.0,109.34514,0,0
1997-03-01,256240.0,192180.0,192180.0,228480.0,175720.0,197340.0,241470.0,28509.55629258387,40587.221634401125,62541.278005373824,12.14985994397759,1.0,6.123233995736766e-17,1,1997,True,False,False,19.771523178807943,1013890605.9178082,16.01698630136986,109.59260493150686,0,0
1997-04-01,288270.0,256240.0,192180.0,257040.0,213533.33333333334,197206.66666666666,243783.33333333334,36985.05824428754,40352.51202424287,62530.516671074416,12.14985994397759,0.8660254037844387,-0.4999999999999998,2,1997,True,False,False,19.00198675496689,954773849.9726028,16.03232876712329,109.8161216438356,0,0
1997-05-01,288270.0,288270.0,256240.0,257040.0,245563.33333333334,207171.66666666666,246385.83333333334,48926.63316981193,54516.654488941866,63770.019239356356,12.14985994397759,0.49999999999999994,-0.8660254037844387,2,1997,True,False,False,18.15,889323155.8904109,16.04931506849315,110.06358657534248,0,0
1997-06-01,320300.0,288270.0,288270.0,285600.0,277593.3333333333,226656.66666666666,248988.33333333334,18492.52912214392,59794.31567186521,64872.08740469528,12.14985994397759,1.2246467991473532e-16,-1.0,2,1997,False,True,False,18.24,825983774.5205479,16.065753424657533,110.30306876712328,0,0
1997-07-01,384360.0,320300.0,288270.0,342720.0,298946.6666666667,256240.0,251880.0,18492.52912214392,53596.44129977287,67377.406383068,12.14985994397759,-0.4999999999999997,-0.8660254037844388,3,1997,False,True,False,18.60728260869565,760533080.4383562,16.0827397260274,110.55053369863012,0,0
1997-08-01,384360.0,384360.0,320300.0,342720.0,330976.6666666667,288270.0,255350.0,48926.63316981192,64059.99999999999,73293.56774456591,12.14985994397759,-0.8660254037844384,-0.5000000000000004,3,1997,False,True,False,18.962717391304345,697193699.0684931,16.09917808219178,110.79001589041096,0,0
1997-09-01,288270.0,384360.0,384360.0,257040.0,363006.6666666667,320300.0,258820.0,36985.0582442875,53596.44129977287,78599.67048276984,12.14985994397759,-1.0,-1.8369701987210297e-16,3,1997,False,False,True,19.33,631743004.9863014,16.116164383561642,111.0374808219178,0,0
1997-10-01,256240.0,288270.0,384360.0,228480.0,352330.0,325638.3333333333,261422.5,55477.58736643118,47146.88342474681,79051.1044284875,12.14985994397759,-0.8660254037844386,0.5000000000000001,4,1997,False,False,True,19.6044262295082,566292310.9041096,16.133150684931508,111.28494575342468,0,0
1997-11-01,192180.0,256240.0,288270.0,171360.0,309623.3333333333,320300.0,263735.8333333333,66675.76196290026,53596.44129977287,78402.96845706027,12.14985994397759,-0.5000000000000004,0.8660254037844384,4,1997,False,False,True,19.87,502952929.53424656,16.14958904109589,111.52442794520547,0,0
1997-12-01,160150.0,192180.0,256240.0,142800.0,245563.33333333334,304285.0,265470.8333333333,48926.63316981189,75117.00839357222,76377.11466595848,12.14985994397759,-2.4492935982947064e-16,1.0,4,1997,False,False,False,18.92475409836066,437502235.45205474,16.16657534246575,111.77189287671231,0,0
1998-01-01,196020.0,160150.0,192180.0,192180.0,202856.66666666666,277593.3333333333,266916.6666666667,48926.63316981189,94293.76684949364,73970.11648857486,1.9981267561660945,0.49999999999999994,0.8660254037844387,1,1998,False,False,False,18.01,374162854.0821917,16.183013698630138,112.01137506849317,0,0
1998-02-01,196020.0,196020.0,160150.0,192180.0,182783.33333333334,246203.33333333334,267236.6666666667,19694.852965517064,82218.81455400986,73624.90849919715,1.9981267561660945,0.8660254037844386,0.5000000000000001,1,1998,False,False,False,16.910909090909094,308712160.0,16.2,112.25884,0,0
1998-03-01,261360.0,196020.0,196020.0,256240.0,184063.33333333334,214813.33333333334,267556.6666666667,20709.55415583195,47578.93889807404,73276.54980629991,1.9981267561660945,1.0,6.123233995736766e-17,1,1998,True,False,False,15.811818181818182,352728919.01369864,16.2,112.25862053698631,0,0
1998-04-01,294030.0,261360.0,196020.0,288270.0,217800.0,210328.33333333334,267983.3333333333,37724.06658885018,39921.91399052233,73219.54996426635,1.9981267561660945,0.8660254037844387,-0.4999999999999998,2,1998,True,False,False,14.81909090909091,392485991.6712329,16.2,112.25842231232878,0,0
1998-05-01,294030.0,294030.0,261360.0,288270.0,250470.0,216626.66666666666,268463.3333333333,49904.24931806912,50257.07897069489,73383.32896303471,1.9981267561660945,0.49999999999999994,-0.8660254037844387,2,1998,True,False,False,13.72,436502750.6849315,16.2,112.25820284931508,0,0
1998-06-01,326700.0,294030.0,294030.0,320300.0,283140.0,233601.66666666666,268943.3333333333,18862.03329442515,57085.20418345427,73543.32567619684,1.9981267561660945,1.2246467991473532e-16,-1.0,2,1998,False,True,False,14.6,479099614.24657536,16.2,112.25799046575342,0,0
1998-07-01,392040.0,326700.0,294030.0,384360.0,304920.0,261360.0,269476.6666666667,18862.03329442515,54667.36613373651,73971.57947277433,1.9981267561660945,-0.4999999999999997,-0.8660254037844388,3,1998,False,True,False,13.66,523116373.26027393,16.2,112.25777100273972,0,0
1998-08-01,392040.0,392040.0,326700.0,384360.0,337590.0,294030.0,270116.6666666667,49904.24931806912,65340.00000000005,75080.8143188916,1.9981267561660945,-0.8660254037844384,-0.5000000000000004,3,1998,False,True,False,11.93,565713236.8219178,16.2,112.25755861917808,0,0
1998-09-01,294030.0,392040.0,392040.0,288270.0,370260.0,326700.0,270756.6666666667,37724.06658885018,54667.36613373659,76168.03210764681,1.9981267561660945,-1.0,-1.8369701987210297e-16,3,1998,False,False,True,12.02,609729995.8356164,16.2,112.25733915616438,0,0
1998-10-01,261360.0,294030.0,392040.0,256240.0,359370.0,332145.0,271236.6666666667,56586.099883275245,48088.93791715524,76306.45550354932,1.9981267561660945,-0.8660254037844386,0.5000000000000001,4,1998,False,False,True,12.11,653746754.849315,16.2,112.25711969315068,0,0
1998-11-01,196020.0,261360.0,294030.0,192180.0,315810.0,326700.0,271663.3333333333,68008.02820255858,54667.36613373659,76229.25390894989,1.9981267561660945,-0.5000000000000004,0.8660254037844384,4,1998,False,False,True,14.46,696343618.4109589,16.2,112.25690730958904,0,0
1998-12-01,163350.0,196020.0,261360.0,160150.0,250470.0,310365.0,271983.3333333333,49904.24931806912,76617.94143671577,75872.48600997159,1.9981267561660945,-2.4492935982947064e-16,1.0,4,1998,False,False,False,12.127377049180328,740360377.4246576,16.2,112.25668784657532,0,0
1999-01-01,245280.0,163350.0,196020.0,196020.0,206910.0,283140.0,272250.0,49904.24931806912,96177.87583431027,75448.1331777003,25.130088766452403,0.49999999999999994,0.8660254037844387,1,1999,False,False,False,9.87,782957240.9863014,16.2,112.25647546301369,0,0
1999-02-01,245280.0,245280.0,163350.0,196020.0,201550.0,258680.0,276355.0,41243.99228978692,80293.63486603407,72193.4172899441,25.130088766452403,0.8660254037844386,0.5000000000000001,1,1999,False,False,False,10.34,826974000.0,16.2,112.256256,0,0
1999-03-01,327040.0,245280.0,245280.0,261360.0,217970.0,234220.0,280460.0,47302.30755470607,46989.913385746935,68517.09514619493,25.130088766452403,1.0,6.123233995736766e-17,1,1999,True,False,False,10.81,792965664.8767123,16.166027397260272,112.4767911890411,0,0
1999-04-01,367920.0,327040.0,245280.0,294030.0,272533.3333333333,239721.66666666666,285933.3333333333,47204.15800894384,56386.10836603875,69469.36111217186,25.130088766452403,0.8660254037844387,-0.4999999999999998,2,1999,True,False,False,10.52,762248458.9589041,16.135342465753425,112.67598426301367,0,0
1999-05-01,367920.0,367920.0,327040.0,294030.0,313413.3333333333,257481.66666666666,292090.8333333333,62445.23146993161,77422.29095465121,73414.88162965988,25.130088766452403,0.49999999999999994,-0.8660254037844387,2,1999,True,False,False,14.6,728240123.8356165,16.101369863013698,112.8965194520548,0,0
1999-06-01,408800.0,367920.0,367920.0,326700.0,354293.3333333333,286131.6666666667,298248.3333333333,23602.079004472016,81811.01354137271,76620.97847472483,25.130088766452403,1.2246467991473532e-16,-1.0,2,1999,False,True,False,14.41311475409836,695328831.7808219,16.06849315068493,113.10994060273973,0,0
1999-07-01,490560.0,408800.0,367920.0,392040.0,381546.6666666667,327040.0,305090.0,23602.079004472016,68405.32376942608,82808.09721057699,25.130088766452403,-0.4999999999999997,-0.8660254037844388,3,1999,False,True,False,14.22,661320496.6575342,16.034520547945206,113.3304757917808,0,0
1999-08-01,490560.0,490560.0,408800.0,392040.0,422426.6666666667,367920.0,313300.0,62445.23146993161,81760.00000000009,96039.27217550123,25.130088766452403,-0.8660254037844384,-0.5000000000000004,3,1999,False,True,False,17.25,628409204.6027397,16.001643835616438,113.54389694246576,0,0
1999-09-01,367920.0,490560.0,490560.0,294030.0,463306.6666666667,408800.0,321510.0,47204.15800894384,68405.32376942616,106971.20708608719,25.130088766452403,-1.0,-1.8369701987210297e-16,3,1999,False,False,True,19.175,594400869.479452,15.967671232876713,113.76443213150684,0,0
1999-10-01,327040.0,367920.0,490560.0,261360.0,449680.0,415613.3333333333,327667.5,70806.23701341572,60173.730702580564,107371.483697319,25.130088766452403,-0.8660254037844386,0.5000000000000001,4,1999,False,False,True,21.1,560392534.3561645,15.933698630136986,113.98496732054794,0,0
1999-11-01,245280.0,327040.0,367920.0,196020.0,395173.3333333333,408800.0,333140.8333333333,85098.50605817552,68405.32376942615,105338.93836376967,25.130088766452403,-0.5000000000000004,0.8660254037844384,4,1999,False,False,True,22.98,527481242.30136985,15.90082191780822,114.19838847123287,0,0
1999-12-01,204400.0,245280.0,327040.0,163350.0,313413.3333333333,388360.0,337245.8333333333,62445.23146993158,95872.09813079095,100351.38359859081,25.130088766452403,-2.4492935982947064e-16,1.0,4,1999,False,False,False,21.32,493472907.17808217,15.866849315068494,114.41892366027398,0,0
2000-01-01,267480.0,204400.0,245280.0,245280.0,258906.66666666666,354293.3333333333,340666.6666666667,62445.231469931576,120347.46140516081,94408.31601788761,9.050880626223092,0.49999999999999994,0.8660254037844387,1,2000,False,False,False,24.2,460561615.1232877,15.833972602739726,114.6323448109589,0,0
2000-02-01,267480.0,267480.0,204400.0,245280.0,239053.33333333334,317113.3333333333,342516.6666666667,31997.65824764887,103045.0322270155,92568.81148964842,9.050880626223092,0.8660254037844386,0.5000000000000001,1,2000,False,False,False,25.775,426553280.0,15.8,114.85288,0,0
2000-03-01,356640.0,267480.0,267480.0,327040.0,246453.33333333334,279933.3333333333,344366.6666666667,36419.25498048157,58612.28631154612,90650.82633463149,9.050880626223092,1.0,6.123233995736766e-17,1,2000,True,False,False,27.35,629662910.1092896,15.757650273224044,114.45946713114752,0,0
2000-04-01,401220.0,356640.0,267480.0,367920.0,297200.0,278053.3333333333,346833.3333333333,51476.55000094701,55313.74753772028,90539.14445579814,9.050880626223092,0.8660254037844387,-0.4999999999999998,2,2000,True,False,False,29.78,819668693.1147542,15.718032786885246,114.09143573770493,0,0
2000-05-01,401220.0,401220.0,356640.0,367920.0,341780.0,290416.6666666667,349608.3333333333,68097.07482704376,73690.2646668246,91746.46783722012,9.050880626223092,0.49999999999999994,-0.8660254037844387,2,2000,True,False,False,29.74967391304348,1022778323.2240436,15.675683060109291,113.69802286885246,0,0
2000-06-01,445800.0,401220.0,401220.0,408800.0,386360.0,316406.6666666667,352383.3333333333,25738.27500047348,81655.93050517926,92847.67460086377,9.050880626223092,1.2246467991473532e-16,-1.0,2,2000,False,True,False,29.72032608695652,1219336029.7814207,15.634699453551914,113.31730073770493,0,0
2000-07-01,534960.0,445800.0,401220.0,490560.0,416080.0,356640.0,355466.6666666667,25738.27500047348,74596.60796577824,95468.86568484786,9.050880626223092,-0.4999999999999997,-0.8660254037844388,3,2000,False,True,False,29.69,1422445659.8907104,15.592349726775955,112.92388786885246,0,0
2000-08-01,534960.0,534960.0,445800.0,490560.0,460660.0,401220.0,359166.6666666667,68097.07482704376,89160.00000000012,101829.05259067845,9.050880626223092,-0.8660254037844384,-0.5000000000000004,3,2000,False,True,False,27.501475409836065,1619003366.4480877,15.55136612021858,112.54316573770492,0,0
2000-09-01,401220.0,534960.0,534960.0,367920.0,505240.0,445800.0,362866.6666666667,51476.55000094701,74596.6079657784,107676.08135964879,9.050880626223092,-1.0,-1.8369701987210297e-16,3,2000,False,False,True,25.24,1822112996.557377,15.509016393442623,112.14975286885246,0,0
2000-10-01,356640.0,401220.0,534960.0,327040.0,490380.0,453230.0,365641.6666666667,77214.82500142054,65619.98323681617,108245.74649072056,9.050880626223092,-0.8660254037844386,0.5000000000000001,4,2000,False,False,True,35.09,2025222626.6666667,15.466666666666669,111.75634,0,0
2000-11-01,267480.0,356640.0,401220.0,245280.0,430940.0,445800.0,368108.3333333333,92800.67025620019,74596.6079657784,107621.59548692596,9.050880626223092,-0.5000000000000004,0.8660254037844384,4,2000,False,False,True,33.383442622950824,2221780333.224044,15.425683060109291,111.37561786885246,0,0
2000-12-01,222900.0,267480.0,356640.0,204400.0,341780.0,423510.0,369958.3333333333,68097.07482704376,104549.36728646437,105487.90450553894,9.050880626223092,-2.4492935982947064e-16,1.0,4,2000,False,False,False,31.62,2424889963.333333,15.383333333333336,110.982205,0,0
2001-01-01,275760.0,222900.0,267480.0,267480.0,282340.0,386360.0,371500.0,68097.07482704376,131239.96647363188,102953.1000018941,3.095558546433378,0.49999999999999994,0.8660254037844387,1,2001,False,False,False,31.59,2621447669.8907104,15.342349726775955,110.60148286885249,0,0
2001-02-01,275760.0,275760.0,222900.0,267480.0,255380.0,343160.0,372190.0,28431.538825747684,114081.20265845732,102217.6922953254,3.095558546433378,0.8660254037844386,0.5000000000000001,1,2001,False,False,False,29.380000000000003,2824557300.0,15.3,110.20807,0,0
2001-03-01,367680.0,275760.0,275760.0,356640.0,258140.0,299960.0,372880.0,30518.735229363585,65773.37455232168,101471.83684514281,3.095558546433378,1.0,6.123233995736766e-17,1,2001,True,False,False,27.17,2625460725.7534246,15.189589041095893,110.16582124657536,0,0
2001-04-01,413640.0,367680.0,275760.0,401220.0,306400.0,294370.0,373800.0,53070.03674391038,56170.46590513555,101361.19752467594,3.095558546433378,0.8660254037844387,-0.4999999999999998,2,2001,True,False,False,24.76,2445631561.917808,15.089863013698633,110.12766108219178,0,0
2001-05-01,413640.0,413640.0,367680.0,401220.0,352360.0,303870.0,374835.0,70205.05964672346,71528.8559953254,101729.37829895019,3.095558546433378,0.49999999999999994,-0.8660254037844387,2,2001,True,False,False,26.055901639344263,2246534987.6712327,14.97945205479452,110.08541232876712,0,0
2001-06-01,459600.0,413640.0,413640.0,445800.0,398320.0,328230.0,375870.0,26535.018371955164,80927.93016011224,102084.7845487448,3.095558546433378,1.2246467991473532e-16,-1.0,2,2001,False,True,False,27.31,2053860883.561644,14.872602739726029,110.04452643835616,0,0
2001-07-01,551520.0,459600.0,413640.0,534960.0,428960.0,367680.0,377020.0,26535.018371955164,76905.78963901232,103017.6390898004,3.095558546433378,-0.4999999999999997,-0.8660254037844388,3,2001,False,True,False,28.86,1854764309.315068,14.76219178082192,110.00227768493151,0,0
2001-08-01,551520.0,551520.0,459600.0,534960.0,474920.0,413640.0,378400.0,70205.05964672346,91920.00000000015,105408.86938704236,3.095558546433378,-0.8660254037844384,-0.5000000000000004,3,2001,False,True,False,26.58295081967213,1662090205.2054794,14.655342465753424,109.96139179452057,0,0
2001-09-01,413640.0,551520.0,551520.0,401220.0,520880.0,459600.0,379780.0,53070.03674391038,76905.78963901247,107727.76091949226,3.095558546433378,-1.0,-1.8369701987210297e-16,3,2001,False,False,True,24.23,1462993630.958904,14.544931506849316,109.9191430410959,0,0
2001-10-01,367680.0,413640.0,551520.0,356640.0,505560.0,467260.0,380815.0,79605.05511586559,67651.2882360716,108011.76135453538,3.095558546433378,-0.8660254037844386,0.5000000000000001,4,2001,False,False,True,22.70032786885245,1263897056.712329,14.434520547945208,109.87689428767123,0,0
2001-11-01,275760.0,367680.0,413640.0,267480.0,444280.0,459600.0,381735.0,95673.36933546345,76905.78963901247,107834.00007756033,3.095558546433378,-0.5000000000000004,0.8660254037844384,4,2001,False,False,True,21.22,1071222952.6027396,14.327671232876712,109.83600839726029,0,0
2001-12-01,229800.0,275760.0,367680.0,222900.0,352360.0,436620.0,382425.0,70205.05964672346,107785.75416074255,107060.16562492501,3.095558546433378,-2.4492935982947064e-16,1.0,4,2001,False,False,False,19.39,872126378.3561642,14.217260273972602,109.7937596438356,0,0
2002-01-01,282540.0,229800.0,275760.0,275760.0,291080.0,398320.0,383000.0,70205.05964672346,135302.5764721427,106140.07348782085,2.4586597040905134,0.49999999999999994,0.8660254037844387,1,2002,False,False,False,19.49108695652174,679452274.2465751,14.11041095890411,109.75287375342464,0,0
2002-02-01,282540.0,282540.0,229800.0,275760.0,262700.0,353490.0,383565.0,28693.197800175534,117822.18042457035,105533.63552570686,2.4586597040905134,0.8660254037844386,0.5000000000000001,1,2002,False,False,False,19.59554347826087,480355700.0,14.0,109.710625,0,0
2002-03-01,376720.0,282540.0,282540.0,367680.0,264960.0,308660.0,384130.0,30449.453197060833,68073.45914524983,104920.37344403789,2.4586597040905134,1.0,6.123233995736766e-17,1,2002,True,False,False,19.7,635990478.0821917,13.915068493150685,109.64059175342464,0,0
2002-04-01,423810.0,376720.0,282540.0,413640.0,313933.3333333333,302506.6666666667,384883.3333333333,54374.84835227895,57539.83200068159,104823.93371166667,2.4586597040905134,0.8660254037844387,-0.4999999999999998,2,2002,True,False,False,21.83,776563826.0273973,13.838356164383562,109.5773359178082,0,0
2002-05-01,423810.0,423810.0,376720.0,413640.0,361023.3333333333,311861.6666666667,385730.8333333333,71931.16315849018,72795.60492685437,105118.26598977447,2.4586597040905134,0.49999999999999994,-0.8660254037844387,2,2002,True,False,False,26.06,932198604.1095892,13.753424657534246,109.50730267123286,0,0
2002-06-01,470900.0,423810.0,423810.0,459600.0,408113.3333333333,336536.6666666667,386578.3333333333,27187.424176139517,82549.33765128991,105404.34291840454,2.4586597040905134,1.2246467991473532e-16,-1.0,2,2002,False,True,False,26.67,1082812905.479452,13.67123287671233,109.43952856164384,0,0
2002-07-01,565080.0,470900.0,423810.0,551520.0,439506.6666666667,376720.0,387520.0,27187.424176139517,78796.64129897932,106163.7540440582,2.4586597040905134,-0.4999999999999997,-0.8660254037844388,3,2002,False,True,False,26.151639344262296,1238447683.5616438,13.586301369863014,109.36949531506848,0,0
2002-08-01,565080.0,565080.0,470900.0,551520.0,486596.6666666667,423810.0,388650.0,71931.16315849018,94180.00000000013,108122.15322579286,2.4586597040905134,-0.8660254037844384,-0.5000000000000004,3,2002,False,True,False,25.65,1389061984.9315069,13.504109589041096,109.30172120547944,0,0
2002-09-01,423810.0,565080.0,565080.0,413640.0,533686.6666666666,470900.0,389780.0,54374.84835227896,78796.64129897946,110033.04685411566,2.4586597040905134,-1.0,-1.8369701987210297e-16,3,2002,False,False,True,25.79,1544696763.0136986,13.41917808219178,109.2316879589041,0,0
2002-10-01,376720.0,423810.0,565080.0,367680.0,517990.0,478748.3333333333,390627.5,81562.27252841844,69314.60319923,110272.4343799978,2.4586597040905134,-0.8660254037844386,0.5000000000000001,4,2002,False,False,True,27.634754098360656,1700331541.0958903,13.334246575342464,109.16165471232875,0,0
2002-11-01,282540.0,376720.0,423810.0,275760.0,455203.3333333333,470900.0,391380.8333333333,98025.6519148602,78796.64129897946,110132.2049718869,2.4586597040905134,-0.5000000000000004,0.8660254037844384,4,2002,False,False,True,29.42,1850945842.4657533,13.252054794520548,109.09388060273972,0,0
2002-12-01,235450.0,282540.0,376720.0,229800.0,361023.3333333333,447355.0,391945.8333333333,71931.16315849015,110435.83906504279,109500.70464350563,2.4586597040905134,-2.4492935982947064e-16,1.0,4,2002,False,False,False,25.78,2006580620.5479453,13.167123287671233,109.02384735616438,0,0
2003-01-01,301260.0,235450.0,282540.0,282540.0,298236.6666666667,408113.3333333333,392416.6666666667,71931.16315849015,138629.2063984595,108749.69670455795,6.625610533021874,0.49999999999999994,0.8660254037844387,1,2003,False,False,False,26.209139072847684,2157194921.9178085,13.084931506849315,108.95607324657534,0,0
2003-02-01,301260.0,301260.0,235450.0,282540.0,273083.3333333333,364143.3333333333,393976.6666666667,33908.85479241862,119389.46296330626,107152.7858487661,6.625610533021874,0.8660254037844386,0.5000000000000001,1,2003,False,False,False,26.65258278145696,2312829700.0,13.0,108.88604,0,0
2003-03-01,401680.0,301260.0,301260.0,376720.0,279323.3333333333,320173.3333333333,395536.6666666667,37995.421215369235,68187.7166846542,105506.55346585081,6.625610533021874,1.0,6.123233995736766e-17,1,2003,True,False,False,27.096026490066222,2192269060.821918,12.915068493150685,108.72467905479452,0,0
2003-04-01,451890.0,401680.0,301260.0,423810.0,334733.3333333333,316485.0,397616.6666666667,57977.51403202213,61755.93696155861,105347.78673373723,6.625610533021874,0.8660254037844387,-0.4999999999999998,2,2003,True,False,False,27.49655629139073,2083375580.2739725,12.838356164383562,108.5789336849315,0,0
2003-05-01,451890.0,451890.0,401680.0,423810.0,384943.3333333333,329013.3333333333,399956.6666666667,76697.04188124413,81035.15623892305,106290.13238501613,6.625610533021874,0.49999999999999994,-0.8660254037844387,2,2003,True,False,False,27.94,1962814941.0958903,12.753424657534246,108.41757273972604,0,0
2003-06-01,502100.0,451890.0,451890.0,470900.0,435153.3333333333,357238.3333333333,402296.6666666667,28988.75701601073,90545.55039683991,107168.47274975586,6.625610533021874,1.2246467991473532e-16,-1.0,2,2003,False,True,False,23.79,1846143354.7945209,12.67123287671233,108.26141698630136,0,0
2003-07-01,602520.0,502100.0,451890.0,565080.0,468626.6666666667,401680.0,404896.6666666667,28988.75701601067,84017.39986455199,109340.61254408247,6.625610533021874,-0.4999999999999997,-0.8660254037844388,3,2003,False,True,False,26.097213114754098,1725582715.6164384,12.586301369863014,108.10005604109588,0,0
2003-08-01,602520.0,602520.0,502100.0,565080.0,518836.6666666667,451890.0,408016.6666666667,76697.04188124406,100420.00000000016,114728.34866709623,6.625610533021874,-0.8660254037844384,-0.5000000000000004,3,2003,False,True,False,28.33,1608911129.3150685,12.504109589041096,107.94390028767124,0,0
2003-09-01,451890.0,602520.0,602520.0,423810.0,569046.6666666666,502100.0,411136.6666666667,57977.51403202199,84017.39986455212,119785.55728189166,6.625610533021874,-1.0,-1.8369701987210297e-16,3,2003,False,False,True,29.63,1488350490.1369865,12.41917808219178,107.78253934246575,0,0
2003-10-01,401680.0,451890.0,602520.0,376720.0,552310.0,510468.3333333333,413476.6666666667,86966.27104803319,73907.11884972051,120328.67513858064,6.625610533021874,-0.8660254037844386,0.5000000000000001,4,2003,False,False,True,29.64,1367789850.9589045,12.334246575342464,107.62117839726028,0,0
2003-11-01,301260.0,401680.0,451890.0,282540.0,485363.3333333333,502100.0,415556.6666666667,104520.4498331944,84017.39986455212,119850.31674652528,6.625610533021874,-0.5000000000000004,0.8660254037844384,4,2003,False,False,True,27.98,1251118264.657534,12.252054794520548,107.4650226438356,0,0
2003-12-01,251050.0,301260.0,401680.0,235450.0,384943.3333333333,476995.0,417116.6666666667,76697.04188124405,117752.88765036735,118070.15397892083,6.625610533021874,-2.4492935982947064e-16,1.0,4,2003,False,False,False,28.07655737704918,1130557625.479452,12.167123287671233,107.30366169863014,0,0
2004-01-01,343920.0,251050.0,301260.0,301260.0,317996.6666666667,435153.3333333333,418416.6666666667,76697.04188124405,147814.2376994405,115955.02806404448,14.160525791674965,0.49999999999999994,0.8660254037844387,1,2004,False,False,False,28.17,1013886039.1780822,12.084931506849315,107.14750594520548,0,0
2004-02-01,343920.0,343920.0,251050.0,301260.0,298743.3333333333,392053.3333333333,421971.6666666667,46486.12086777413,125228.99371418219,112643.30927419718,14.160525791674965,0.8660254037844386,0.5000000000000001,1,2004,False,False,False,29.9312087912088,893325400.0,12.0,106.986145,0,0
2004-03-01,458560.0,343920.0,343920.0,401680.0,312963.3333333333,348953.3333333333,425526.6666666667,53618.519499640286,71114.61781284264,109104.93958764772,14.160525791674965,1.0,6.123233995736766e-17,1,2004,True,False,False,31.692417582417583,959160955.4644808,11.915300546448089,106.73713580601093,0,0
2004-04-01,515880.0,458560.0,343920.0,451890.0,382133.3333333333,350065.0,430266.6666666667,66187.4348598985,73070.77876962864,109210.26120065444,14.160525791674965,0.8660254037844387,-0.4999999999999998,2,2004,True,False,False,33.34,1020749055.7377048,11.836065573770492,106.50419172131149,0,0
2004-05-01,515880.0,515880.0,458560.0,451890.0,439453.3333333333,369098.3333333333,435599.1666666667,87557.74627828944,99351.4900576065,111891.40038921946,14.160525791674965,0.49999999999999994,-0.8660254037844387,2,2004,True,False,False,32.59,1086584611.202186,11.75136612021858,106.2551825273224,0,0
2004-06-01,573200.0,515880.0,515880.0,502100.0,496773.3333333333,404868.3333333333,440931.6666666667,33093.71742994899,108276.9169152257,114238.56002668152,14.160525791674965,1.2246467991473532e-16,-1.0,2,2004,False,True,False,35.76704918032787,1150296439.0710382,11.669398907103826,106.01420588797814,0,0
2004-07-01,687840.0,573200.0,515880.0,602520.0,534986.6666666666,458560.0,446856.6666666667,33093.717429949014,95914.7054418666,119425.52417403259,14.160525791674965,-0.4999999999999997,-0.8660254037844388,3,2004,False,True,False,39.05,1216131994.5355191,11.584699453551911,105.76519669398908,0,0
2004-08-01,687840.0,687840.0,573200.0,602520.0,592306.6666666666,515880.0,453966.6666666667,87557.74627828947,114640.00000000022,131468.0336074366,14.160525791674965,-0.8660254037844384,-0.5000000000000004,3,2004,False,True,False,35.58,1279843822.4043715,11.502732240437158,105.5242200546448,0,0
2004-09-01,515880.0,687840.0,687840.0,451890.0,649626.6666666666,573200.0,461076.6666666667,66187.43485989858,95914.70544186675,142108.8892577119,14.160525791674965,-1.0,-1.8369701987210297e-16,3,2004,False,False,True,38.27,1345679377.8688524,11.418032786885243,105.27521086065572,0,0
2004-10-01,458560.0,515880.0,687840.0,401680.0,630520.0,582753.3333333334,466409.1666666667,99281.15228984799,84372.7554763191,142931.03368461147,14.160525791674965,-0.8660254037844386,0.5000000000000001,4,2004,False,False,True,40.96,1411514933.3333333,11.333333333333334,105.02620166666668,0,0
2004-11-01,343920.0,458560.0,515880.0,301260.0,554093.3333333334,573200.0,471149.1666666667,119321.09508939869,95914.70544186675,141525.5253211387,14.160525791674965,-0.5000000000000004,0.8660254037844384,4,2004,False,False,True,46.86,1475226761.2021856,11.25136612021858,104.7852250273224,0,0
2004-12-01,286600.0,343920.0,458560.0,251050.0,439453.3333333333,544540.0,474704.1666666667,87557.7462782896,134427.3156765397,137344.1242386394,14.160525791674965,-2.4492935982947064e-16,1.0,4,2004,False,False,False,46.84,1541062316.6666665,11.166666666666666,104.53621583333332,0,0
2005-01-01,364620.0,286600.0,343920.0,343920.0,363026.6666666667,496773.3333333333,477666.6666666667,87557.74627828965,168745.51095263753,132374.8697197975,6.01884159106769,0.49999999999999994,0.8660254037844387,1,2005,False,False,False,41.19,1604774144.5355191,11.084699453551911,104.29523919398906,0,0
2005-02-01,364620.0,364620.0,286600.0,343920.0,331713.3333333333,442903.3333333333,479391.6666666667,40416.97828058583,145548.21079857595,130596.47703958765,6.01884159106769,0.8660254037844386,0.5000000000000001,1,2005,False,False,False,43.155,1670609700.0,11.0,104.04623,0,0
2005-03-01,486160.0,364620.0,364620.0,458560.0,338613.3333333333,389033.3333333333,481116.6666666667,45044.86800217475,83239.24138690048,128768.3238387549,6.01884159106769,1.0,6.123233995736766e-17,1,2005,True,False,False,45.12,1737720665.7534246,10.915068493150685,104.08759928767122,0,0
2005-04-01,546930.0,486160.0,364620.0,515880.0,405133.3333333333,384080.0,483416.6666666667,70171.15171730724,74619.2414863621,128575.14444750588,6.01884159106769,0.8660254037844387,-0.4999999999999998,2,2005,True,False,False,50.47,1798337021.9178083,10.838356164383562,104.1249650958904,0,0
2005-05-01,546930.0,546930.0,486160.0,515880.0,465903.3333333333,398808.3333333333,486004.1666666667,92827.7083274889,97479.70587084621,129596.21876206218,6.01884159106769,0.49999999999999994,-0.8660254037844387,2,2005,True,False,False,54.14,1865447987.671233,10.753424657534246,104.16633438356163,0,0
2005-06-01,607700.0,546930.0,546930.0,573200.0,526673.3333333334,432643.3333333333,488591.6666666667,35085.57585865382,109151.19874131799,130553.37778669377,6.01884159106769,1.2246467991473532e-16,-1.0,2,2005,False,True,False,52.33016393442623,1930394083.561644,10.67123287671233,104.20636917808218,0,0
2005-07-01,729240.0,607700.0,546930.0,687840.0,567186.6666666666,486160.0,491466.6666666667,35085.57585865382,101687.65962495175,132943.96169632973,6.01884159106769,-0.4999999999999997,-0.8660254037844388,3,2005,False,True,False,50.46,1997505049.3150685,10.586301369863014,104.24773846575344,0,0
2005-08-01,729240.0,729240.0,607700.0,687840.0,627956.6666666666,546930.0,494916.6666666667,92827.70832748892,121540.00000000023,138906.74061354555,6.01884159106769,-0.8660254037844384,-0.5000000000000004,3,2005,False,True,False,56.41,2062451145.20548,10.504109589041096,104.28777326027397,0,0
2005-09-01,546930.0,729240.0,729240.0,515880.0,688726.6666666666,607700.0,498366.6666666667,70171.1517173073,101687.65962495189,144534.07602822722,6.01884159106769,-1.0,-1.8369701987210297e-16,3,2005,False,False,True,60.56,2129562110.958904,10.41917808219178,104.3291425479452,0,0
2005-10-01,486160.0,546930.0,729240.0,458560.0,668470.0,617828.3333333334,500954.1666666667,105256.7275759608,89451.01797445763,145152.71866419207,6.01884159106769,-0.8660254037844386,0.5000000000000001,4,2005,False,False,True,66.79,2196673076.712329,10.334246575342464,104.37051183561644,0,0
2005-11-01,364620.0,486160.0,546930.0,343920.0,587443.3333333334,607700.0,503254.1666666667,126502.842787557,101687.65962495189,144637.65104302013,6.01884159106769,-0.5000000000000004,0.8660254037844384,4,2005,False,False,True,61.822786885245904,2261619172.60274,10.252054794520548,104.410546630137,0,0
2005-12-01,303850.0,364620.0,486160.0,286600.0,465903.3333333333,577315.0,504979.1666666667,92827.70832748903,142518.28286223515,142674.741056734,6.01884159106769,-2.4492935982947064e-16,1.0,4,2005,False,False,False,56.69,2328730138.3561645,10.167123287671233,104.45191591780822,0,0
2006-01-01,406620.0,303850.0,364620.0,364620.0,384876.6666666667,526673.3333333334,506416.6666666667,92827.70832748908,178902.0359489146,140342.30343461435,11.518841533651472,0.49999999999999994,0.8660254037844387,1,2006,False,False,False,53.65,2393676234.246576,10.084931506849315,104.49195071232876,0,0
2006-02-01,406620.0,406620.0,303850.0,364620.0,358363.3333333333,472903.3333333333,509916.6666666667,51669.89097466132,152356.13760747123,136967.70139066532,11.518841533651472,0.8660254037844386,0.5000000000000001,1,2006,False,False,False,59.645,2460787200.0,10.0,104.53332,0,0
2006-03-01,542160.0,406620.0,406620.0,486160.0,372363.3333333333,419133.3333333333,513416.6666666667,59334.2871646183,86486.62270355283,133407.69483963164,11.518841533651472,1.0,6.123233995736766e-17,1,2006,True,False,False,65.64,2491788414.520548,9.906575342465754,104.45491293150684,0,0
2006-04-01,609930.0,542160.0,406620.0,546930.0,451800.0,418338.3333333333,518083.3333333333,78254.05548596224,85087.55500463449,133347.00578383898,11.518841533651472,0.8660254037844387,-0.4999999999999998,2,2006,True,False,False,61.12,2519789511.5068493,9.822191780821916,104.3840936438356,0,0
2006-05-01,609930.0,609930.0,542160.0,546930.0,519570.0,438966.6666666667,523333.3333333333,103520.38494905269,114676.83247573028,135803.53237696228,11.518841533651472,0.49999999999999994,-0.8660254037844387,2,2006,True,False,False,67.34540983606557,2550790726.027397,9.728767123287671,104.30568657534246,0,0
2006-06-01,677700.0,609930.0,609930.0,607700.0,587340.0,479851.6666666667,528583.3333333334,39127.02774298164,126036.0382456808,137998.6902001962,11.518841533651472,1.2246467991473532e-16,-1.0,2,2006,False,True,False,73.37,2580791901.369863,9.63835616438356,104.22980876712327,0,0
2006-07-01,813240.0,677700.0,609930.0,729240.0,632520.0,542160.0,534416.6666666666,39127.02774298164,113400.89999642888,143034.6504321329,11.518841533651472,-0.4999999999999997,-0.8660254037844388,3,2006,False,True,False,68.77,2611793115.890411,9.544931506849316,104.15140169863014,0,0
2006-08-01,813240.0,813240.0,677700.0,729240.0,700290.0,609930.0,541416.6666666666,103520.38494905269,135540.0000000003,154991.5960967113,11.518841533651472,-0.8660254037844384,-0.5000000000000004,3,2006,False,True,False,72.51754098360655,2641794291.232877,9.454520547945206,104.07552389041096,0,0
2006-09-01,609930.0,813240.0,813240.0,546930.0,768060.0,677700.0,548416.6666666666,78254.05548596224,113400.89999642903,165767.8177634629,11.518841533651472,-1.0,-1.8369701987210297e-16,3,2006,False,False,True,76.39,2672795505.7534246,9.36109589041096,103.9971168219178,0,0
2006-10-01,542160.0,609930.0,813240.0,486160.0,745470.0,688995.0,553666.6666666666,117381.08322894305,99754.73898517352,166711.39827603736,11.518841533651472,-0.8660254037844386,0.5000000000000001,4,2006,False,False,True,70.49,2703796720.2739725,9.267671232876712,103.91870975342466,0,0
2006-11-01,406620.0,542160.0,609930.0,364620.0,655110.0,677700.0,558333.3333333334,141074.50478382,113400.89999642903,165428.78541059376,11.518841533651472,-0.5000000000000004,0.8660254037844384,4,2006,False,False,True,63.545737704918025,2733797895.6164384,9.177260273972603,103.84283194520548,0,0
2006-12-01,338850.0,406620.0,542160.0,303850.0,519570.0,643815.0,561833.3333333334,103520.38494905268,158934.73802161717,161351.84407957297,11.518841533651472,-2.4492935982947064e-16,1.0,4,2006,False,False,False,56.37,2764799110.1369863,9.083835616438355,103.76442487671233,0,0
2007-01-01,462060.0,338850.0,406620.0,406620.0,429210.0,587340.0,564750.0,103520.38494905268,199509.47797034626,156508.11097192386,13.63435148295706,0.49999999999999994,0.8660254037844387,1,2007,False,False,False,64.74,2794800285.479452,8.993424657534247,103.68854706849316,0,0
2007-02-01,462060.0,462060.0,338850.0,406620.0,402510.0,528810.0,569370.0,61707.73938494307,169192.11683763535,152174.14760727275,13.63435148295706,0.8660254037844386,0.5000000000000001,1,2007,False,False,False,60.74,2825801500.0,8.9,103.61014,0,0
2007-03-01,616080.0,462060.0,462060.0,542160.0,420990.0,470280.0,573990.0,71135.32666685416,96052.52125790369,147555.35910294834,13.63435148295706,1.0,6.123233995736766e-17,1,2007,True,False,False,56.74,2795267510.684932,8.866027397260273,103.58799750684932,0,0
2007-04-01,693090.0,616080.0,462060.0,609930.0,513400.0,471305.0,580150.0,88923.48846058646,97856.678821632,147648.6911557296,13.63435148295706,0.8660254037844387,-0.4999999999999998,2,2007,True,False,False,61.18,2767688423.561644,8.835342465753424,103.56799783561644,0,0
2007-05-01,693090.0,693090.0,616080.0,609930.0,590410.0,496460.0,587080.0,117634.71808951664,132854.1749438084,151085.10317036562,13.63435148295706,0.49999999999999994,-0.8660254037844387,2,2007,True,False,False,64.34098360655737,2737154434.246576,8.801369863013699,103.54585534246576,0,0
2007-06-01,770100.0,693090.0,693090.0,677700.0,667420.0,544205.0,594010.0,44461.74423029368,145028.12151441548,154105.48075912168,13.63435148295706,1.2246467991473532e-16,-1.0,2,2007,False,True,False,67.4,2707605412.328768,8.768493150684932,103.52442712328768,0,0
2007-07-01,924120.0,770100.0,693090.0,813240.0,718760.0,616080.0,601710.0,44461.74423029368,128862.37728677863,160829.01230810324,13.63435148295706,-0.4999999999999997,-0.8660254037844388,3,2007,False,True,False,68.65,2677071423.0136986,8.734520547945205,103.50228463013698,0,0
2007-08-01,924120.0,924120.0,770100.0,813240.0,795770.0,693090.0,610950.0,117634.71808951664,154020.00000000032,176507.64062782103,13.63435148295706,-0.8660254037844384,-0.5000000000000004,3,2007,False,True,False,72.81065573770492,2647522401.0958905,8.701643835616439,103.4808564109589,0,0
2007-09-01,693090.0,924120.0,924120.0,609930.0,872780.0,770100.0,620190.0,88923.48846058646,128862.37728677876,190414.40281659373,13.63435148295706,-1.0,-1.8369701987210297e-16,3,2007,False,False,True,77.11,2616988411.780822,8.667671232876712,103.45871391780824,0,0
2007-10-01,616080.0,693090.0,924120.0,542160.0,847110.0,782935.0,627120.0,133385.23269087943,113355.65071931844,191517.13343719413,13.63435148295706,-0.8660254037844386,0.5000000000000001,4,2007,False,False,True,77.73,2586454422.4657536,8.633698630136987,103.43657142465752,0,0
2007-11-01,462060.0,616080.0,693090.0,406620.0,744430.0,770100.0,633280.0,160309.09861888704,128862.37728677876,189716.35986387683,13.63435148295706,-0.5000000000000004,0.8660254037844384,4,2007,False,False,True,78.33,2556905400.547945,8.600821917808219,103.41514320547944,0,0
2007-12-01,385050.0,462060.0,616080.0,338850.0,590410.0,731595.0,637900.0,117634.71808951664,180604.45883200143,184292.42306725477,13.63435148295706,-2.4492935982947064e-16,1.0,4,2007,False,False,False,90.36,2526371411.232877,8.566849315068493,103.39300071232876,0,0
2008-01-01,492540.0,385050.0,462060.0,462060.0,487730.0,667420.0,641750.0,117634.71808951664,226711.301438636,177846.97692117235,6.5965459031294635,0.49999999999999994,0.8660254037844387,1,2008,False,False,False,90.70239130434784,2496822389.315068,8.533972602739727,103.37157249315068,0,0
2008-02-01,492540.0,492540.0,385050.0,462060.0,446550.0,595490.0,644290.0,55398.0604353623,195261.1820101478,175245.9902277627,6.5965459031294635,0.8660254037844386,0.5000000000000001,1,2008,False,False,False,91.05619565217393,2466288400.0,8.5,103.34943,0,0
2008-03-01,656720.0,492540.0,492540.0,616080.0,456710.0,523560.0,646830.0,62059.38043519331,111527.68463480289,172565.03343272174,6.5965459031294635,1.0,6.123233995736766e-17,1,2008,True,False,False,91.41,2424280486.3387976,8.457650273224044,103.47380013661204,0,0
2008-04-01,738810.0,656720.0,492540.0,693090.0,547266.6666666666,517498.3333333333,650216.6666666666,94789.36719555306,100958.23303062862,172305.28242487274,6.5965459031294635,0.8660254037844387,-0.4999999999999998,2,2008,True,False,False,94.92866666666666,2384982760.655738,8.418032786885245,103.59014639344262,0,0
2008-05-01,738810.0,738810.0,656720.0,693090.0,629356.6666666666,537953.3333333334,654026.6666666666,125394.54626630853,132448.39805247445,173838.13700908062,6.5965459031294635,0.49999999999999994,-0.8660254037844387,2,2008,True,False,False,98.69,2342974846.9945354,8.37568306010929,103.71451653005464,0,0
2008-06-01,820900.0,738810.0,738810.0,770100.0,711446.6666666666,584078.3333333334,657836.6666666666,47394.68359777705,148007.7021531877,175267.2642427887,6.5965459031294635,1.2246467991473532e-16,-1.0,2,2008,False,True,False,107.3,2302322027.3224044,8.334699453551913,103.83487472677596,0,0
2008-07-01,985080.0,820900.0,738810.0,924120.0,766173.3333333334,656720.0,662070.0,47394.68359777705,137362.8431563648,178803.16613019418,6.5965459031294635,-0.4999999999999997,-0.8660254037844388,3,2008,False,True,False,124.25852459016392,2260314113.661202,8.292349726775956,103.95924486338798,0,0
2008-08-01,985080.0,985080.0,820900.0,924120.0,848263.3333333334,738810.0,667150.0,125394.54626630853,164180.0000000003,187575.8937797518,6.5965459031294635,-0.8660254037844384,-0.5000000000000004,3,2008,False,True,False,140.67,2219661293.989071,8.251366120218579,104.07960306010928,0,0
2008-09-01,738810.0,985080.0,985080.0,693090.0,930353.3333333334,820900.0,672230.0,94789.36719555306,137362.84315636498,195812.55006673184,6.5965459031294635,-1.0,-1.8369701987210297e-16,3,2008,False,False,True,124.16,2177653380.327869,8.209016393442623,104.20397319672132,0,0
2008-10-01,656720.0,738810.0,985080.0,616080.0,902990.0,834581.6666666666,676040.0,142184.0507933293,120833.20825280933,196698.12265129897,6.5965459031294635,-0.8660254037844386,0.5000000000000001,4,2008,False,False,True,107.91295081967212,2135645466.6666665,8.166666666666666,104.32834333333334,0,0
2008-11-01,492540.0,656720.0,738810.0,462060.0,793536.6666666666,820900.0,679426.6666666666,170883.96189617497,137362.84315636495,195920.22789127645,6.5965459031294635,-0.5000000000000004,0.8660254037844384,4,2008,False,False,True,92.19,2094992646.994536,8.12568306010929,104.44870153005463,0,0
2008-12-01,410450.0,492540.0,656720.0,385050.0,629356.6666666666,779855.0,681966.6666666666,125394.54626630846,192518.11486195293,193022.14471794458,6.5965459031294635,-2.4492935982947064e-16,1.0,4,2008,False,False,False,69.51934426229508,2052984733.3333333,8.083333333333334,104.57307166666666,0,0
2009-01-01,519660.0,410450.0,492540.0,492540.0,519903.3333333333,711446.6666666666,684083.3333333334,125394.54626630845,241666.4165056178,189578.73439110554,5.5061517846266295,0.49999999999999994,0.8660254037844387,1,2009,False,False,False,47.58,2012331913.6612024,8.042349726775956,104.69342986338798,0,0
2009-02-01,519660.0,519660.0,410450.0,492540.0,474216.6666666667,633876.6666666666,686343.3333333334,56863.99944897796,208718.748239507,187234.8925005619,5.5061517846266295,0.8660254037844386,0.5000000000000001,1,2009,False,False,False,47.15471074380165,1970324000.0,8.0,104.8178,0,0
2009-03-01,692880.0,519660.0,519660.0,656720.0,483256.6666666667,556306.6666666666,688603.3333333334,63052.422898199286,119512.85749519453,184831.19204159008,5.5061517846266295,1.0,6.123233995736766e-17,1,2009,True,False,False,46.7294214876033,1908349640.8219173,7.957534246575342,104.40861698630135,0,0
2009-04-01,779490.0,692880.0,519660.0,738810.0,577400.0,548651.6666666666,691616.6666666666,100008.61362902712,106216.5995344733,184558.69868582746,5.5061517846266295,0.8660254037844387,-0.4999999999999998,2,2009,True,False,False,46.34528925619835,1852372800.2739725,7.919178082191781,104.03903232876712,0,0
2009-05-01,779490.0,779490.0,692880.0,738810.0,664010.0,569113.3333333334,695006.6666666666,132298.96031337522,138206.60095186005,185873.28348945553,5.5061517846266295,0.49999999999999994,-0.8660254037844387,2,2009,True,False,False,45.92,1790398441.0958903,7.876712328767123,103.6298493150685,0,0
2009-06-01,866100.0,779490.0,779490.0,820900.0,750620.0,616938.3333333334,698396.6666666666,50004.306814513795,155033.41928973477,187111.6460751967,5.5061517846266295,1.2246467991473532e-16,-1.0,2,2009,False,True,False,51.75,1730423254.7945206,7.835616438356165,103.23386575342468,0,0
2009-07-01,1039320.0,866100.0,779490.0,985080.0,808360.0,692880.0,702163.3333333334,50004.306814513795,144926.24979623282,190230.84948811453,5.5061517846266295,-0.4999999999999997,-0.8660254037844388,3,2009,False,True,False,66.6,1668448895.6164384,7.793150684931507,102.82468273972604,0,0
2009-08-01,1039320.0,1039320.0,866100.0,985080.0,894970.0,779490.0,706683.3333333334,132298.96031337522,173220.00000000035,198048.00838241825,5.5061517846266295,-0.8660254037844384,-0.5000000000000004,3,2009,False,True,False,68.52,1608473709.3150685,7.752054794520548,102.4286991780822,0,0
2009-09-01,779490.0,1039320.0,1039320.0,738810.0,981580.0,866100.0,711203.3333333334,100008.61362902712,144926.24979623314,205459.66935954444,5.5061517846266295,-1.0,-1.8369701987210297e-16,3,2009,False,False,True,68.65,1546499350.1369865,7.70958904109589,102.01951616438356,0,0
2009-10-01,692880.0,779490.0,1039320.0,656720.0,952710.0,880535.0,714593.3333333334,150012.92044354056,127486.46810544317,206290.4987603352,5.5061517846266295,-0.8660254037844386,0.5000000000000001,4,2009,False,False,True,68.78,1484524990.9589045,7.667123287671233,101.61033315068494,0,0
2009-11-01,519660.0,692880.0,779490.0,492540.0,837230.0,866100.0,717606.6666666666,180293.09221376185,144926.24979623314,205631.32337150176,5.5061517846266295,-0.5000000000000004,0.8660254037844384,4,2009,False,False,True,67.12,1424549804.657534,7.626027397260274,101.21434958904108,0,0
2009-12-01,433050.0,519660.0,692880.0,410450.0,664010.0,822795.0,719866.6666666666,132298.96031337522,203118.45447915397,203065.8737424579,5.5061517846266295,-2.4492935982947064e-16,1.0,4,2009,False,False,False,72.99475409836066,1362575445.479452,7.583561643835616,100.80516657534248,0,0
2010-01-01,585120.0,433050.0,519660.0,519660.0,548530.0,750620.0,721750.0,132298.96031337522,254972.93621088515,200017.22725805387,12.59669784089597,0.49999999999999994,0.8660254037844387,1,2010,False,False,False,78.68,1302600259.1780822,7.542465753424658,100.40918301369862,0,0
2010-02-01,585120.0,585120.0,433050.0,519660.0,512610.0,674920.0,727205.0,76279.73584117889,216663.61531184713,194830.02095066442,12.59669784089597,0.8660254037844386,0.5000000000000001,1,2010,False,False,False,75.13,1240625900.0,7.5,100.0,0,0
2010-03-01,780160.0,585120.0,585120.0,692880.0,534430.0,599220.0,732660.0,87797.65543566656,122971.01365769104,189329.4971975864,12.59669784089597,1.0,6.123233995736766e-17,1,2010,True,False,False,71.58,1349400763.8356164,7.38958904109589,99.78772049315069,0,0
2010-04-01,877680.0,780160.0,585120.0,779490.0,650133.3333333334,599331.6666666666,739933.3333333334,112606.39650274473,123167.59872899487,189338.8565668985,12.59669784089597,0.8660254037844387,-0.4999999999999998,2,2010,True,False,False,76.07,1447649027.9452057,7.28986301369863,99.59598416438357,0,0
2010-05-01,877680.0,877680.0,780160.0,779490.0,747653.3333333334,630131.6666666666,748115.8333333334,148964.2605906979,166664.90385401095,193284.3414839359,12.59669784089597,0.49999999999999994,-0.8660254037844387,2,2010,True,False,False,82.63,1556423891.7808218,7.17945205479452,99.38370465753424,0,0
2010-06-01,975200.0,877680.0,877680.0,866100.0,845173.3333333334,689801.6666666666,756298.3333333334,56303.198251372436,182537.16645293566,196780.0568624469,12.59669784089597,1.2246467991473532e-16,-1.0,2,2010,False,True,False,77.93327868852458,1661689889.041096,7.072602739726028,99.17827287671231,0,0
2010-07-01,1170240.0,975200.0,877680.0,1039320.0,910186.6666666666,780160.0,765390.0,56303.198251372436,163182.17157520645,204676.22578111006,12.59669784089597,-0.4999999999999997,-0.8660254037844388,3,2010,False,True,False,73.08,1770464752.8767123,6.962191780821918,98.965993369863,0,0
2010-08-01,1170240.0,1170240.0,975200.0,1039320.0,1007706.6666666666,877680.0,776300.0,148964.2605906979,195040.0000000004,223251.48310613938,12.59669784089597,-0.8660254037844384,-0.5000000000000004,3,2010,False,True,False,71.73,1875730750.1369865,6.8553424657534245,98.76056158904107,0,0
2010-09-01,877680.0,1170240.0,1170240.0,779490.0,1105226.6666666667,975200.0,787210.0,112606.39650274471,163182.17157520674,239854.94438400568,12.59669784089597,-1.0,-1.8369701987210297e-16,3,2010,False,False,True,73.63,1984505613.9726028,6.744931506849316,98.54828208219178,0,0
2010-10-01,780160.0,877680.0,1170240.0,692880.0,1072720.0,991453.3333333334,795392.5,168909.59475411696,143545.553280716,241238.4939554817,12.59669784089597,-0.8660254037844386,0.5000000000000001,4,2010,False,False,True,75.53,2093280477.8082192,6.634520547945206,98.33600257534246,0,0
2010-11-01,585120.0,780160.0,877680.0,519660.0,942693.3333333334,975200.0,802665.8333333334,203004.0682679373,163182.17157520674,239173.67605450255,12.59669784089597,-0.5000000000000004,0.8660254037844384,4,2010,False,False,True,82.69,2198546475.068493,6.527671232876712,98.13057079452057,0,0
2010-12-01,487600.0,585120.0,780160.0,433050.0,747653.3333333334,926440.0,808120.8333333334,148964.26059069796,228704.67244899084,232793.57303133787,12.59669784089597,-2.4492935982947064e-16,1.0,4,2010,False,False,False,84.06,2307321338.904109,6.417260273972603,97.91829128767124,0,0
2011-01-01,587040.0,487600.0,585120.0,585120.0,617626.6666666666,845173.3333333334,812666.6666666666,148964.26059069796,287091.1065614308,225212.79300548893,0.3281378178835111,0.49999999999999994,0.8660254037844387,1,2011,False,False,False,88.56,2412587336.164384,6.31041095890411,97.71285950684933,0,0
2011-02-01,587040.0,587040.0,487600.0,585120.0,553253.3333333334,747973.3333333334,812826.6666666666,56865.558410459336,251548.78546052804,225037.0521949795,0.3281378178835111,0.8660254037844386,0.5000000000000001,1,2011,False,False,False,94.48,2521362200.0,6.2,97.50058,0,0
2011-03-01,782720.0,587040.0,587040.0,780160.0,553893.3333333334,650773.3333333334,812986.6666666666,57411.71076821664,146483.66279782436,224861.04983596693,0.3281378178835111,1.0,6.123233995736766e-17,1,2011,True,False,False,100.4,2548590570.1369863,6.166027397260274,97.32067978082192,0,0
2011-04-01,880560.0,782720.0,587040.0,877680.0,652266.6666666666,634946.6666666666,813200.0,112975.9006750261,119756.172728869,224828.28680006976,0.3281378178835111,0.8660254037844387,-0.4999999999999998,2,2011,True,False,False,113.34,2573183936.712329,6.135342465753425,97.15818926027396,0,0
2011-05-01,880560.0,880560.0,782720.0,877680.0,750106.6666666666,651680.0,813440.0,149453.0686648266,147828.73550159336,224904.89949794713,0.3281378178835111,0.49999999999999994,-0.8660254037844387,2,2011,True,False,False,118.63,2600412306.849315,6.101369863013699,96.97828904109588,0,0
2011-06-01,978400.0,880560.0,880560.0,975200.0,847946.6666666666,700920.0,813680.0,56487.950337513365,168923.07740507237,224981.2068111061,0.3281378178835111,1.2246467991473532e-16,-1.0,2,2011,False,True,False,117.41032786885246,2626762342.4657536,6.068493150684931,96.80419205479453,0,0
2011-07-01,1174080.0,978400.0,880560.0,1170240.0,913173.3333333334,782720.0,813946.6666666666,56487.950337513365,163717.63399218826,225191.8560344541,0.3281378178835111,-0.4999999999999997,-0.8660254037844388,3,2011,False,True,False,116.15,2653990712.60274,6.034520547945205,96.62429183561645,0,0
2011-08-01,1174080.0,1174080.0,978400.0,1170240.0,1011013.3333333334,880560.0,814266.6666666666,149453.0686648266,195680.00000000044,225746.2255531973,0.3281378178835111,-0.8660254037844384,-0.5000000000000004,3,2011,False,True,False,109.82,2680340748.219178,6.001643835616439,96.45019484931508,0,0
2011-09-01,880560.0,1174080.0,1174080.0,877680.0,1108853.3333333333,978400.0,814586.6666666666,112975.90067502613,163717.63399218855,226298.74339157506,0.3281378178835111,-1.0,-1.8369701987210297e-16,3,2011,False,False,True,116.37,2707569118.3561645,5.967671232876713,96.270294630137,0,0
2011-10-01,782720.0,880560.0,1174080.0,780160.0,1076240.0,994706.6666666666,814826.6666666666,169463.8510125391,144016.58052692018,226373.25465752863,0.3281378178835111,-0.8660254037844386,0.5000000000000001,4,2011,False,False,True,116.43,2734797488.4931507,5.933698630136986,96.09039441095892,0,0
2011-11-01,587040.0,782720.0,880560.0,585120.0,945786.6666666666,978400.0,815040.0,203670.20138776652,163717.63399218855,226338.81858841598,0.3281378178835111,-0.5000000000000004,0.8660254037844384,4,2011,False,False,True,111.77754098360656,2761147524.109589,5.900821917808219,95.91629742465754,0,0
2011-12-01,489200.0,587040.0,782720.0,487600.0,750106.6666666666,929480.0,815200.0,149453.06866482654,229455.13897056258,226162.12109498287,0.3281378178835111,-2.4492935982947064e-16,1.0,4,2011,False,False,False,106.97,2788375894.246576,5.866849315068493,95.73639720547943,0,0
2012-01-01,589800.0,489200.0,587040.0,587040.0,619653.3333333334,847946.6666666666,815333.3333333334,149453.06866482654,288033.16105383914,225951.80135005165,0.47015535568274736,0.49999999999999994,0.8660254037844387,1,2012,False,False,False,108.83,2814725929.8630137,5.833972602739726,95.56230021917808,0,0
2012-02-01,589800.0,589800.0,489200.0,587040.0,555346.6666666666,750566.6666666666,815563.3333333334,57301.31353933665,252267.74400756584,225699.5560205617,0.47015535568274736,0.8660254037844386,0.5000000000000001,1,2012,False,False,False,110.395,2841954300.0,5.8,95.3824,0,0
2012-03-01,786400.0,589800.0,589800.0,782720.0,556266.6666666666,653186.6666666666,815793.3333333334,58081.43708047662,146819.79739349437,225446.77248575172,0.47015535568274736,1.0,6.123233995736766e-17,1,2012,True,False,False,111.96,2885909547.26776,5.774590163934426,95.52035169398908,0,0
2012-04-01,884700.0,786400.0,589800.0,880560.0,655333.3333333334,637493.3333333334,816100.0,113507.06292268056,120291.09670572769,225400.19230450748,0.47015535568274736,0.8660254037844387,-0.4999999999999998,2,2012,True,False,False,125.76,2927028972.1311474,5.750819672131147,95.64940327868852,0,0
2012-05-01,884700.0,884700.0,786400.0,880560.0,753633.3333333334,654490.0,816445.0,150155.73027138645,148752.6611526667,225510.9660103228,0.47015535568274736,0.49999999999999994,-0.8660254037844387,2,2012,True,False,False,122.61426229508196,2970984219.398907,5.725409836065573,95.7873549726776,0,0
2012-06-01,983000.0,884700.0,884700.0,978400.0,851933.3333333334,704100.0,816790.0,56753.531461340375,169892.31883755105,225621.10982795886,0.47015535568274736,1.2246467991473532e-16,-1.0,2,2012,False,True,False,119.57,3013521555.464481,5.700819672131147,95.92085661202186,0,0
2012-07-01,1179600.0,983000.0,884700.0,1174080.0,917466.6666666666,786400.0,817173.3333333334,56753.531461340375,164487.36121659967,225924.35296046757,0.47015535568274736,-0.4999999999999997,-0.8660254037844388,3,2012,False,True,False,98.63,3057476802.7322407,5.675409836065573,96.05880830601092,0,0
2012-08-01,1179600.0,1179600.0,983000.0,1174080.0,1015766.6666666666,884700.0,817633.3333333334,150155.73027138645,196600.0000000005,226721.320059885,0.47015535568274736,-0.8660254037844384,-0.5000000000000004,3,2012,False,True,False,102.63819672131147,3100014138.7978144,5.650819672131147,96.1923099453552,0,0
2012-09-01,884700.0,1179600.0,1179600.0,880560.0,1114066.6666666667,983000.0,818093.3333333334,113507.06292268053,164487.36121659997,227514.4808711315,0.47015535568274736,-1.0,-1.8369701987210297e-16,3,2012,False,False,True,106.78,3143969386.0655737,5.6254098360655735,96.33026163934429,0,0
2012-10-01,786400.0,884700.0,1179600.0,782720.0,1081300.0,999383.3333333334,818438.3333333334,170260.5943840207,144693.68219333873,227620.92977074147,0.47015535568274736,-0.8660254037844386,0.5000000000000001,4,2012,False,False,True,109.72754098360656,3187924633.333333,5.6,96.46821333333334,0,0
2012-11-01,589800.0,786400.0,884700.0,587040.0,950233.3333333334,983000.0,818745.0,204627.7677475209,164487.36121659997,227570.9062927617,0.47015535568274736,-0.5000000000000004,0.8660254037844384,4,2012,False,False,True,112.58,3230461969.398907,5.575409836065574,96.6017149726776,0,0
2012-12-01,491500.0,589800.0,786400.0,489200.0,753633.3333333334,933850.0,818975.0,150155.73027138648,230533.934595322,227316.6918840118,0.47015535568274736,-2.4492935982947064e-16,1.0,4,2012,False,False,False,108.84,3274417216.6666665,5.55,96.73966666666666,0,0
2013-01-01,620940.0,491500.0,589800.0,589800.0,622566.6666666666,851933.3333333334,819166.6666666666,150155.73027138648,289387.36438667605,227014.1258453605,5.279755849440488,0.49999999999999994,0.8660254037844387,1,2013,False,False,False,111.02804347826088,3316954552.7322407,5.525409836065574,96.87316830601094,0,0
2013-02-01,620940.0,620940.0,491500.0,589800.0,567413.3333333334,758823.3333333334,821761.6666666666,67561.45745418288,250080.33762506556,224315.82483118935,5.279755849440488,0.8660254037844386,0.5000000000000001,1,2013,False,False,False,113.28902173913043,3360909800.0,5.5,97.01112,0,0
2013-03-01,827920.0,620940.0,620940.0,786400.0,577793.3333333334,665713.3333333334,824356.6666666666,74732.21884390536,143277.9495479564,221551.51271855182,5.279755849440488,1.0,6.123233995736766e-17,1,2013,True,False,False,115.55,3374878901.0958905,5.44054794520548,97.01696073972604,0,0
2013-04-01,931410.0,827920.0,620940.0,884700.0,689933.3333333334,656250.0,827816.6666666666,119499.95871686884,126855.32594258734,221228.82646844626,5.279755849440488,0.8660254037844387,-0.4999999999999998,2,2013,True,False,False,110.14,3387496153.6986303,5.386849315068493,97.02223624657536,0,0
2013-05-01,931410.0,931410.0,827920.0,884700.0,793423.3333333334,680418.3333333334,831709.1666666666,158083.58622366,164760.87016238642,222726.52956477713,5.279755849440488,0.49999999999999994,-0.8660254037844387,2,2013,True,False,False,108.76,3401465254.7945204,5.3273972602739725,97.02807698630136,0,0
2013-06-01,1034900.0,931410.0,931410.0,983000.0,896913.3333333334,737353.3333333334,835601.6666666666,59749.97935843446,184968.26253891984,224140.49688180868,5.279755849440488,1.2246467991473532e-16,-1.0,2,2013,False,True,False,98.34,3414983739.7260275,5.26986301369863,97.0337293150685,0,0
2013-07-01,1241880.0,1034900.0,931410.0,1179600.0,965906.6666666666,827920.0,839926.6666666666,59749.97935843446,173171.89229202343,227715.46744819803,5.279755849440488,-0.4999999999999997,-0.8660254037844388,3,2013,False,True,False,100.80475409836066,3428952840.821918,5.210410958904109,97.03957005479452,0,0
2013-08-01,1241880.0,1241880.0,1034900.0,1179600.0,1069396.6666666667,931410.0,845116.6666666666,158083.58622365998,206980.0000000005,236693.69367231196,5.279755849440488,-0.8660254037844384,-0.5000000000000004,3,2013,False,True,False,103.19,3442471325.7534246,5.152876712328767,97.04522238356164,0,0
2013-09-01,931410.0,1241880.0,1241880.0,884700.0,1172886.6666666667,1034900.0,850306.6666666666,119499.9587168687,173171.8922920237,245223.78649022995,5.279755849440488,-1.0,-1.8369701987210297e-16,3,2013,False,False,True,109.94,3456440426.849315,5.093424657534246,97.05106312328768,0,0
2013-10-01,827920.0,931410.0,1241880.0,786400.0,1138390.0,1052148.3333333333,854199.1666666666,179249.93807530307,152333.15534271236,246188.17464615533,5.279755849440488,-0.8660254037844386,0.5000000000000001,4,2013,False,False,True,108.60852459016392,3470409527.9452057,5.033972602739726,97.0569038630137,0,0
2013-11-01,620940.0,827920.0,931410.0,589800.0,1000403.3333333334,1034900.0,857659.1666666666,215431.61428475007,173171.89229202367,245439.3091232099,5.279755849440488,-0.5000000000000004,0.8660254037844384,4,2013,False,False,True,107.32,3483928012.8767123,4.976438356164383,97.06255619178084,0,0
2013-12-01,517450.0,620940.0,827920.0,491500.0,793423.3333333334,983155.0,860254.1666666666,158083.58622365998,242705.56349206378,242496.78938674342,5.279755849440488,-2.4492935982947064e-16,1.0,4,2013,False,False,False,105.78,3497897113.972603,4.916986301369863,97.06839693150684,0,0
2014-01-01,630420.0,517450.0,620940.0,620940.0,655436.6666666666,896913.3333333334,862416.6666666666,158083.58622365998,304666.31068542314,238999.91743373708,1.5267175572519083,0.49999999999999994,0.8660254037844387,1,2014,False,False,False,105.7641059602649,3511415598.904109,4.85945205479452,97.07404926027398,0,0
2014-02-01,630420.0,630420.0,517450.0,620940.0,589603.3333333334,795003.3333333334,863206.6666666666,62666.141043894924,266011.50777112384,238143.30091290994,1.5267175572519083,0.8660254037844386,0.5000000000000001,1,2014,False,False,False,105.7476821192053,3525384700.0,4.8,97.07989,0,0
2014-03-01,840560.0,630420.0,630420.0,827920.0,592763.3333333334,693093.3333333334,863996.6666666666,65223.25991035201,154198.34054446427,237280.72263319904,1.5267175572519083,1.0,6.123233995736766e-17,1,2014,True,False,False,105.7312582781457,3502243352.8767123,4.8,97.05928646575344,0,0
2014-04-01,945630.0,840560.0,630420.0,931410.0,700466.6666666666,677951.6666666666,865050.0,121324.38556750795,128422.43175032374,237134.02271136155,1.5267175572519083,0.8660254037844387,-0.4999999999999998,2,2014,True,False,False,105.7164238410596,3481341490.9589043,4.8,97.0406768219178,0,0
2014-05-01,945630.0,945630.0,840560.0,931410.0,805536.6666666666,697570.0,866235.0,160497.07608967007,160818.85461599304,237530.97943407067,1.5267175572519083,0.49999999999999994,-0.8660254037844387,2,2014,True,False,False,105.7,3458200143.8356166,4.8,97.02007328767124,0,0
2014-06-01,1050700.0,945630.0,945630.0,1034900.0,910606.6666666666,751685.0,867420.0,60662.192783754115,182977.88246124162,237920.8353442567,1.5267175572519083,1.2246467991473532e-16,-1.0,2,2014,False,True,False,108.63,3435805291.780822,4.8,97.00013438356164,0,0
2014-07-01,1260840.0,1050700.0,945630.0,1241880.0,980653.3333333334,840560.0,868736.6666666666,60662.192783754115,175815.73797587072,238973.32819350073,1.5267175572519083,-0.4999999999999997,-0.8660254037844388,3,2014,False,True,False,109.75311475409836,3412663944.657534,4.8,96.97953084931508,0,0
2014-08-01,1260840.0,1260840.0,1050700.0,1241880.0,1085723.3333333333,945630.0,870316.6666666666,160497.07608967012,210140.0000000003,241711.67788140118,1.5267175572519083,-0.8660254037844384,-0.5000000000000004,3,2014,False,True,False,110.84,3390269092.60274,4.8,96.95959194520547,0,0
2014-09-01,945630.0,1260840.0,1260840.0,931410.0,1190793.3333333333,1050700.0,871896.6666666666,121324.38556750811,175815.73797587128,244408.2080653119,1.5267175572519083,-1.0,-1.8369701987210297e-16,3,2014,False,False,True,103.45,3367127745.479452,4.8,96.9389884109589,0,0
2014-10-01,840560.0,945630.0,1260840.0,827920.0,1155770.0,1068211.6666666667,873081.6666666666,181986.57835126205,154658.85237084527,244757.21008354097,1.5267175572519083,-0.8660254037844386,0.5000000000000001,4,2014,False,False,True,98.9372131147541,3343986398.3561645,4.8,96.91838487671232,0,0
2014-11-01,630420.0,840560.0,945630.0,620940.0,1015676.6666666666,1050700.0,874135.0,218720.64656390666,175815.73797587128,244572.31302827355,1.5267175572519083,-0.5000000000000004,0.8660254037844384,4,2014,False,False,True,94.57,3321591546.3013697,4.8,96.89844597260274,0,0
2014-12-01,525350.0,630420.0,840560.0,517450.0,805536.6666666666,998165.0,874925.0,160497.07608967012,246410.9919423242,243693.84356382274,1.5267175572519083,-2.4492935982947064e-16,1.0,4,2014,False,False,False,82.52573770491803,3298450199.178082,4.8,96.87784243835615,0,0
2015-01-01,632520.0,525350.0,630420.0,630420.0,665443.3333333334,910606.6666666666,875583.3333333334,160497.07608967012,309317.7047416891,242648.77113501556,0.3331112591605596,0.49999999999999994,0.8660254037844387,1,2015,False,False,False,70.87,3276055347.123288,4.8,96.85790353424656,0,0
2015-02-01,632520.0,632520.0,525350.0,630420.0,596096.6666666666,805886.6666666666,875758.3333333334,61277.407201458554,271019.6850169129,242456.56480110274,0.3331112591605596,0.8660254037844386,0.5000000000000001,1,2015,False,False,False,66.9911570247934,3252914000.0,4.8,96.8373,0,0
2015-03-01,843360.0,632520.0,632520.0,840560.0,596796.6666666666,701166.6666666666,875933.3333333334,61874.62834905245,157818.97448236877,242264.06807198565,0.3331112591605596,1.0,6.123233995736766e-17,1,2015,True,False,False,63.11231404958678,3159527561.6438355,4.8,97.01904068493153,0,0
2015-04-01,948780.0,843360.0,632520.0,945630.0,702800.0,684121.6666666666,876166.6666666666,121728.53075594084,129032.99894471392,242228.2472580289,0.3331112591605596,0.8660254037844387,-0.4999999999999998,2,2015,True,False,False,59.60884297520661,3075178520.547945,4.8,97.18319356164383,0,0
2015-05-01,948780.0,948780.0,843360.0,945630.0,808220.0,702158.3333333334,876429.1666666666,161031.7099207483,159290.12981558702,242312.05952273885,0.3331112591605596,0.49999999999999994,-0.8660254037844387,2,2015,True,False,False,55.73,2981792082.191781,4.8,97.36493424657534,0,0
2015-06-01,1054200.0,948780.0,948780.0,1050700.0,913640.0,755218.3333333334,876691.6666666666,60864.26537797063,182016.70455391344,242395.532693358,0.3331112591605596,1.2246467991473532e-16,-1.0,2,2015,False,True,False,64.13,2891418109.589041,4.8,97.54081232876712,0,0
2015-07-01,1265040.0,1054200.0,948780.0,1260840.0,983920.0,843360.0,876983.3333333334,60864.26537797063,176401.39999444457,242625.94189160338,0.3331112591605596,-0.4999999999999997,-0.8660254037844388,3,2015,False,True,False,62.87,2798031671.232877,4.8,97.72255301369864,0,0
2015-08-01,1265040.0,1265040.0,1054200.0,1260840.0,1089340.0,948780.0,877333.3333333334,161031.7099207483,210840.0000000003,243232.2852498792,0.3331112591605596,-0.8660254037844384,-0.5000000000000004,3,2015,False,True,False,61.65,2707657698.630137,4.8,97.8984310958904,0,0
2015-09-01,948780.0,1265040.0,1265040.0,945630.0,1194760.0,1054200.0,877683.3333333334,121728.53075594084,176401.39999444512,243836.57277824884,0.3331112591605596,-1.0,-1.8369701987210297e-16,3,2015,False,False,True,55.225,2614271260.2739725,4.8,98.08017178082191,0,0
2015-10-01,843360.0,948780.0,1265040.0,840560.0,1159620.0,1071770.0,877945.8333333334,182592.79613391115,155174.03842138103,243918.05182957073,0.3331112591605596,-0.8660254037844386,0.5000000000000001,4,2015,False,False,True,48.8,2520884821.917808,4.8,98.26191246575344,0,0
2015-11-01,632520.0,843360.0,948780.0,630420.0,1019060.0,1054200.0,878179.1666666666,219449.22966371977,176401.39999444512,243880.3734493362,0.3331112591605596,-0.5000000000000004,0.8660254037844384,4,2015,False,False,True,47.48,2430510849.315068,4.8,98.4377905479452,0,0
2015-12-01,527100.0,632520.0,843360.0,525350.0,808220.0,1001490.0,878354.1666666666,161031.7099207483,247231.81470029333,243687.1049096407,0.3331112591605596,-2.4492935982947064e-16,1.0,4,2015,False,False,False,45.188032786885245,2337124410.9589043,4.8,98.61953123287672,0,0
2016-01-01,640620.0,527100.0,632520.0,632520.0,667660.0,913640.0,878500.0,161031.7099207483,310348.07684276067,243457.06151188104,1.2805919180421172,0.49999999999999994,0.8660254037844387,1,2016,False,False,False,42.97,2246750438.3561645,4.8,98.79540931506848,0,0
2016-02-01,640620.0,640620.0,527100.0,632520.0,600080.0,809570.0,879175.0,63332.16244531707,271165.71132796275,242723.189756262,1.2805919180421172,0.8660254037844386,0.5000000000000001,1,2016,False,False,False,37.71,2153364000.0,4.8,98.97715,0,0
2016-03-01,854160.0,640620.0,640620.0,843360.0,602780.0,705500.0,879850.0,65540.80255840655,157328.95931772992,241985.03838047473,1.2805919180421172,1.0,6.123233995736766e-17,1,2016,True,False,False,32.45,2197979081.420765,4.808469945355191,98.94934740437158,0,0
2016-04-01,960930.0,854160.0,640620.0,948780.0,711800.0,689730.0,880750.0,123287.3764827528,130525.46648068303,241857.0356824269,1.2805919180421172,0.8660254037844387,-0.4999999999999998,2,2016,True,False,False,35.73,2239715770.491803,4.81639344262295,98.92333852459016,0,0
2016-05-01,960930.0,960930.0,854160.0,948780.0,818570.0,709325.0,881762.5,163093.86898347843,162989.54932755636,242192.9231803361,1.2805919180421172,0.49999999999999994,-0.8660254037844387,2,2016,True,False,False,36.42,2284330851.912568,4.824863387978142,98.89553592896176,0,0
2016-06-01,1067700.0,960930.0,960930.0,1054200.0,925340.0,764060.0,882775.0,61643.68824137659,185611.69823047248,242523.73422746934,1.2805919180421172,1.2246467991473532e-16,-1.0,2,2016,False,True,False,42.51344262295082,2327506737.15847,4.833060109289617,98.86863019125684,0,0
2016-07-01,1281240.0,1067700.0,960930.0,1265040.0,996520.0,854160.0,883900.0,61643.68824137659,178660.38206608663,243420.8693152287,1.2805919180421172,-0.4999999999999997,-0.8660254037844388,3,2016,False,True,False,48.81,2372121818.579235,4.841530054644808,98.8408275956284,0,0
2016-08-01,1281240.0,1281240.0,1067700.0,1265040.0,1103290.0,960930.0,885250.0,163093.86898347843,213540.00000000035,245760.4934964857,1.2805919180421172,-0.8660254037844384,-0.5000000000000004,3,2016,False,True,False,47.65,2415297703.8251367,4.8497267759562845,98.81392185792348,0,0
2016-09-01,960930.0,1281240.0,1281240.0,948780.0,1210060.0,1067700.0,886600.0,123287.3764827528,178660.3820660872,248070.03919347932,1.2805919180421172,-1.0,-1.8369701987210297e-16,3,2016,False,False,True,40.17,2459912785.2459016,4.858196721311476,98.78611926229507,0,0
2016-10-01,854160.0,960930.0,1281240.0,843360.0,1174470.0,1085495.0,887612.5,184931.0647241291,157161.18461630488,248371.5110337368,1.2805919180421172,-0.8660254037844386,0.5000000000000001,4,2016,False,False,True,45.05,2504527866.6666665,4.866666666666667,98.75831666666666,0,0
2016-11-01,640620.0,854160.0,960930.0,632520.0,1032110.0,1067700.0,888512.5,222259.47876299906,178660.3820660872,248216.09874260737,1.2805919180421172,-0.5000000000000004,0.8660254037844384,4,2016,False,False,True,45.40409836065574,2547703751.912568,4.8748633879781424,98.73141092896176,0,0
2016-12-01,533850.0,640620.0,854160.0,527100.0,818570.0,1014315.0,889187.5,163093.86898347843,250397.8453381742,247466.54731223002,1.2805919180421172,-2.4492935982947064e-16,1.0,4,2016,False,False,False,45.77,2592318833.333333,4.883333333333334,98.70360833333334,0,0
2017-01-01,692400.0,533850.0,640620.0,640620.0,676210.0,925340.0,889750.0,163093.86898347843,314322.36923260824,246574.75296550497,8.082794792544721,0.49999999999999994,0.8660254037844387,1,2017,False,False,False,52.28,2635494718.579235,4.891530054644809,98.6767025956284,0,0
2017-02-01,692400.0,692400.0,533850.0,640620.0,622290.0,827200.0,894065.0,80848.73097334323,269740.70326889865,242233.55215764168,8.082794792544721,0.8660254037844386,0.5000000000000001,1,2017,False,False,False,54.035,2680109800.0,4.9,98.6489,0,0
2017-03-01,923200.0,692400.0,692400.0,854160.0,639550.0,729060.0,898380.0,91538.88518001534,153642.56949166124,237727.69089481694,8.082794792544721,1.0,6.123233995736766e-17,1,2017,True,False,False,55.79,2753514190.410959,4.891506849315069,98.71492702739724,0,0
2017-04-01,1038600.0,923200.0,692400.0,960930.0,769333.3333333334,722771.6666666666,904133.3333333334,133252.44212896572,142632.09995182225,237395.41602885883,8.082794792544721,0.8660254037844387,-0.4999999999999998,2,2017,True,False,False,55.72,2819814930.1369863,4.883835616438357,98.77456434246577,0,0
2017-05-01,1038600.0,1038600.0,923200.0,960930.0,884733.3333333334,753511.6666666666,910605.8333333334,176276.4117326347,188962.71382647593,240127.8301790839,8.082794792544721,0.49999999999999994,-0.8660254037844387,2,2017,True,False,False,53.021475409836064,2893219320.547945,4.875342465753425,98.840591369863,0,0
2017-06-01,1154000.0,1038600.0,1038600.0,1067700.0,1000133.3333333334,819841.6666666666,917078.3333333334,66626.22106448289,210079.67635320342,242641.22204055337,8.082794792544721,1.2246467991473532e-16,-1.0,2,2017,False,True,False,50.41,2964255827.39726,4.867123287671233,98.90448849315068,0,0
2017-07-01,1384800.0,1154000.0,1038600.0,1281240.0,1077066.6666666667,923200.0,924270.0,66626.22106448284,193101.134124065,248714.28255219752,8.082794792544721,-0.4999999999999997,-0.8660254037844388,3,2017,False,True,False,50.41,3037660217.808219,4.858630136986301,98.97051552054796,0,0
2017-08-01,1384800.0,1384800.0,1154000.0,1281240.0,1192466.6666666667,1038600.0,932900.0,176276.41173263462,230800.00000000052,263579.09197672055,8.082794792544721,-0.8660254037844384,-0.5000000000000004,3,2017,False,True,False,50.58704918032787,3108696724.657534,4.85041095890411,99.03441264383562,0,0
2017-09-01,1038600.0,1384800.0,1384800.0,960930.0,1307866.6666666667,1154000.0,941530.0,133252.44212896551,193101.13412406555,277356.42421718885,8.082794792544721,-1.0,-1.8369701987210297e-16,3,2017,False,False,True,50.77,3182101115.068493,4.841917808219178,99.10043967123288,0,0
2017-10-01,923200.0,1038600.0,1384800.0,854160.0,1269400.0,1173233.3333333333,948002.5,199878.66319344833,169864.20066237336,278753.05989759555,8.082794792544721,-0.8660254037844386,0.5000000000000001,4,2017,False,False,True,53.15,3255505505.479452,4.833424657534247,99.16646669863012,0,0
2017-11-01,692400.0,923200.0,1038600.0,640620.0,1115533.3333333333,1154000.0,953755.8333333334,240224.2563383916,193101.13412406555,277349.0566533712,8.082794792544721,-0.5000000000000004,0.8660254037844384,4,2017,False,False,True,57.00081967213114,3326542012.328767,4.825205479452055,99.2303638219178,0,0
2017-12-01,577000.0,692400.0,923200.0,533850.0,884733.3333333334,1096300.0,958070.8333333334,176276.41173263433,270636.98934181244,272392.911783973,8.082794792544721,-2.4492935982947064e-16,1.0,4,2017,False,False,False,60.98,3399946402.739726,4.816712328767124,99.29639084931507,0,0
2018-01-01,749340.0,577000.0,692400.0,692400.0,730866.6666666666,1000133.3333333334,961666.6666666666,176276.41173263424,339728.4013247448,266504.8842579308,8.223570190641247,0.49999999999999994,0.8660254037844387,1,2018,False,False,False,64.57,3470982909.589041,4.808493150684932,99.36028797260276,0,0
2018-02-01,749340.0,749340.0,577000.0,692400.0,672913.3333333334,894223.3333333334,966411.6666666666,87806.98453615855,291446.1241235964,261739.16265950102,8.223570190641247,0.8660254037844386,0.5000000000000001,1,2018,False,False,False,66.585,3544387300.0,4.8,99.426315,0,0
2018-03-01,999120.0,749340.0,749340.0,923200.0,691893.3333333334,788313.3333333334,971156.6666666666,99500.54539213936,165968.88993623672,256789.41083142677,8.223570190641247,1.0,6.123233995736766e-17,1,2018,True,False,False,68.6,3389509406.027397,4.8,99.49381898630138,0,0
2018-04-01,1124010.0,999120.0,749340.0,1038600.0,832600.0,781733.3333333334,977483.3333333334,144210.5502381842,154443.9179335549,256435.46100453,8.223570190641247,0.8660254037844387,-0.4999999999999998,2,2018,True,False,False,64.23,3249619695.342466,4.8,99.55479032876713,0,0
2018-05-01,1124010.0,1124010.0,999120.0,1038600.0,957490.0,815201.6666666666,984600.8333333334,190772.62618101123,204784.93190825023,259453.53651151698,8.223570190641247,0.49999999999999994,-0.8660254037844387,2,2018,True,False,False,69.62704918032787,3094741801.369863,4.8,99.6222943150685,0,0
2018-06-01,1248900.0,1124010.0,1124010.0,1154000.0,1082380.0,887136.6666666666,991718.3333333334,72105.2751190913,227560.459541342,262226.2405853291,8.223570190641247,1.2246467991473532e-16,-1.0,2,2018,False,True,False,74.85,2944859968.4931507,4.8,99.68762075342464,0,0
2018-07-01,1498680.0,1248900.0,1124010.0,1384800.0,1165640.0,999120.0,999626.6666666666,72105.2751190913,208980.94142768183,268911.1349103782,8.223570190641247,-0.4999999999999997,-0.8660254037844388,3,2018,False,True,False,74.54,2789982074.520548,4.8,99.75512473972604,0,0
2018-08-01,1498680.0,1498680.0,1248900.0,1384800.0,1290530.0,1124010.0,1009116.6666666666,190772.62618101123,249780.0000000006,285252.7101084969,8.223570190641247,-0.8660254037844384,-0.5000000000000004,3,2018,False,True,False,73.42852459016393,2640100241.6438355,4.8,99.8204511780822,0,0
2018-09-01,1124010.0,1498680.0,1498680.0,1038600.0,1415420.0,1248900.0,1018606.6666666666,144210.5502381842,208980.94142768244,300380.63187572587,8.223570190641247,-1.0,-1.8369701987210297e-16,3,2018,False,False,True,72.28,2485222347.6712327,4.8,99.88795516438356,0,0
2018-10-01,999120.0,1124010.0,1498680.0,923200.0,1373790.0,1269715.0,1025724.1666666666,216315.82535727674,183833.1024326154,301905.4619777016,8.223570190641247,-0.8660254037844386,0.5000000000000001,4,2018,False,False,True,78.71377049180327,2330344453.6986303,4.8,99.95545915068492,0,0
2018-11-01,749340.0,999120.0,1124010.0,692400.0,1207270.0,1248900.0,1032050.8333333334,259979.26667332504,208980.94142768244,300353.16244406556,8.223570190641247,-0.5000000000000004,0.8660254037844384,4,2018,False,False,True,84.94,2180462620.821917,4.8,100.0207855890411,0,0
2018-12-01,624450.0,749340.0,999120.0,577000.0,957490.0,1186455.0,1036795.8333333334,190772.62618101123,292893.01212217467,294899.79661691305,8.223570190641247,-2.4492935982947064e-16,1.0,4,2018,False,False,False,71.25,2025584726.849315,4.8,100.08828957534249,0,0
2019-01-01,786540.0,624450.0,749340.0,749340.0,790970.0,1082380.0,1040750.0,190772.62618101123,367666.2048652286,288421.10047636897,4.964368644407078,0.49999999999999994,0.8660254037844387,1,2019,False,False,False,68.18804347826087,1875702893.9726024,4.8,100.15361601369862,0,0
2019-02-01,786540.0,786540.0,624450.0,749340.0,720110.0,963690.0,1043850.0,84906.34075261898,317988.6507408718,285186.00934700924,4.964368644407078,0.8660254037844386,0.5000000000000001,1,2019,False,False,False,65.02402173913043,1720825000.0,4.8,100.22112,0,0
2019-03-01,1048720.0,786540.0,786540.0,999120.0,732510.0,845000.0,1046950.0,93582.70513294563,182333.66984734332,281876.60665939964,4.964368644407078,1.0,6.123233995736766e-17,1,2019,True,False,False,61.86,1695166181.0958903,4.850958904109589,100.3369088219178,0,0
2019-04-01,1179810.0,1048720.0,786540.0,1124010.0,873933.3333333334,832451.6666666666,1051083.3333333333,151369.69357613556,160585.38543923185,281474.8569211602,4.964368644407078,0.8660254037844387,-0.4999999999999998,2,2019,True,False,False,63.71,1671990473.69863,4.896986301369863,100.4414922739726,0,0
2019-05-01,1179810.0,1179810.0,1048720.0,1124010.0,1005023.3333333334,862566.6666666666,1055733.3333333333,200243.28261725328,208027.07955135716,283244.48672587745,4.964368644407078,0.49999999999999994,-0.8660254037844387,2,2019,True,False,False,69.08,1646331654.7945206,4.947945205479452,100.55728109589042,0,0
2019-06-01,1310900.0,1179810.0,1179810.0,1248900.0,1136113.3333333333,934311.6666666666,1060383.3333333333,75684.8467880669,233801.33168283445,284920.35216668464,4.964368644407078,1.2246467991473532e-16,-1.0,2,2019,False,True,False,72.01,1621500539.7260275,4.997260273972603,100.66933479452057,0,0
2019-07-01,1573080.0,1310900.0,1179810.0,1498680.0,1223506.6666666667,1048720.0,1065550.0,75684.8467880669,219355.52575670448,289179.9394526147,4.964368644407078,-0.4999999999999997,-0.8660254037844388,3,2019,False,True,False,68.4983606557377,1595841720.8219178,5.048219178082192,100.78512361643836,0,0
2019-08-01,1573080.0,1573080.0,1310900.0,1498680.0,1354596.6666666667,1179810.0,1071750.0,200243.28261725322,262180.0000000007,299908.9612168691,4.964368644407078,-0.8660254037844384,-0.5000000000000004,3,2019,False,True,False,65.1,1571010605.7534246,5.097534246575343,100.89717731506848,0,0
2019-09-01,1179810.0,1573080.0,1573080.0,1124010.0,1485686.6666666667,1310900.0,1077950.0,151369.6935761354,219355.5257567051,310132.00989842386,4.964368644407078,-1.0,-1.8369701987210297e-16,3,2019,False,False,True,62.9,1545351786.8493152,5.148493150684931,101.01296613698632,0,0
2019-10-01,1048720.0,1179810.0,1573080.0,999120.0,1441990.0,1332748.3333333333,1082600.0,227054.54036420365,192959.25532782098,311301.5149336728,4.964368644407078,-0.8660254037844386,0.5000000000000001,4,2019,False,False,True,61.45672131147541,1519692967.9452057,5.199452054794521,101.12875495890412,0,0
2019-11-01,786540.0,1048720.0,1179810.0,749340.0,1267203.3333333333,1310900.0,1086733.3333333333,272885.5958700149,219355.52575670512,310420.37419465755,4.964368644407078,-0.5000000000000004,0.8660254037844384,4,2019,False,False,True,60.06,1494861852.8767123,5.248767123287672,101.24080865753425,0,0
2019-12-01,655450.0,786540.0,1048720.0,624450.0,1005023.3333333334,1245355.0,1089833.3333333333,200243.28261725308,307433.30097762746,306910.61059691204,4.964368644407078,-2.4492935982947064e-16,1.0,4,2019,False,False,False,60.17,1469203033.9726028,5.29972602739726,101.35659747945203,0,0
2020-01-01,850000.0,655450.0,786540.0,786540.0,830236.6666666666,1136113.3333333333,1092416.6666666667,200243.28261725308,385918.51065563963,302739.38715227164,8.068248277264983,0.49999999999999994,0.8660254037844387,1,2020,False,False,False,63.90770491803279,1444371918.9041097,5.349041095890412,101.4686511780822,1,0
2020-02-01,780000.0,850000.0,655450.0,786540.0,763996.6666666666,1015600.0,1097705.0,99214.80249102488,331193.5008420308,297418.0115136388,-0.8314898161568388,0.8660254037844386,0.5000000000000001,1,2020,False,False,False,67.77,1418713100.0,5.4,101.58444,1,0
2020-03-01,320000.0,780000.0,850000.0,1048720.0,761816.6666666666,883420.0,1097160.0,98541.36610242967,194082.33830001162,298045.36793155206,-69.48661225112518,1.0,6.123233995736766e-17,1,2020,True,False,False,49.78318681318681,1490321033.3333333,5.383060109289618,101.71969875956285,1,0
2020-04-01,0.0,320000.0,780000.0,1179810.0,650000.0,740118.3333333334,1036433.3333333334,287923.60097775894,242784.9371288645,373499.4158771949,-100.0,0.8660254037844387,-0.4999999999999998,2,2020,True,False,False,32.956813186813186,1557309100.0,5.367213114754099,101.846231147541,1,0
2020-05-01,0.0,0.0,320000.0,1179810.0,366666.6666666667,565331.6666666666,938115.8333333334,392088.42540086934,335845.3555085533,474069.5352229617,-100.0,0.49999999999999994,-0.8660254037844387,2,2020,True,False,False,14.97,1628917033.3333333,5.3502732240437165,101.98148990710382,1,0
2020-06-01,0.0,0.0,0.0,1310900.0,106666.66666666667,434241.6666666667,839798.3333333334,184752.0861406795,382496.9939969024,537486.6123801398,-100.0,1.2246467991473532e-16,-1.0,2,2020,False,True,False,18.49,1698215033.3333333,5.333879781420765,102.11238548087432,1,0
2020-07-01,20000.0,0.0,0.0,1573080.0,0.0,325000.0,730556.6666666666,0.0,399887.4841752361,565519.0699193301,-98.72860884379688,-0.4999999999999997,-0.8660254037844388,3,2020,False,True,False,36.74,1769822966.6666667,5.316939890710382,102.24764424043715,1,0
2020-08-01,60000.0,20000.0,0.0,1573080.0,6666.666666666667,186666.66666666666,601133.3333333334,11547.00538377983,316901.66718820867,531889.4640521627,-96.18582653139065,-0.8660254037844384,-0.5000000000000004,3,2020,False,True,False,42.18,1839120966.6666667,5.300546448087432,102.37853981420766,1,0
2020-09-01,80000.0,60000.0,20000.0,1179810.0,26666.666666666668,66666.66666666667,475043.3333333333,30550.504633034176,126280.1119205478,454205.71291257907,-93.2192471669167,-1.0,-1.8369701987210297e-16,3,2020,False,False,True,43.95,1910728900.0,5.283606557377049,102.51379857377049,1,0
2020-10-01,120000.0,80000.0,60000.0,1048720.0,53333.333333333336,26666.666666666668,383392.5,30550.50463303423,35023.801430827574,407642.42394808796,-88.55747959417194,-0.8660254037844386,0.5000000000000001,4,2020,False,False,True,45.72,1982336833.3333333,5.266666666666667,102.64905733333332,1,0
2020-11-01,150000.0,120000.0,80000.0,786540.0,86666.66666666667,46666.666666666664,305999.1666666667,30550.504633034296,48442.405665553604,354546.3162577912,-80.92913265695324,-0.5000000000000004,0.8660254037844384,4,2020,False,False,True,39.75,2051634833.3333333,5.250273224043716,102.77995290710382,1,0
2020-12-01,200000.0,150000.0,120000.0,655450.0,116666.66666666667,71666.66666666667,252954.16666666666,35118.84584283848,57416.60619251268,322262.5944067786,-69.48661225112518,-2.4492935982947064e-16,1.0,4,2020,False,False,False,43.44967213114754,2123242766.6666665,5.233333333333333,102.91521166666666,1,0
2021-01-01,100000.0,200000.0,150000.0,850000.0,156666.66666666666,105000.0,215000.0,40414.518843270394,65038.45016603218,296325.98756958684,-88.23529411764706,0.49999999999999994,0.8660254037844387,1,2021,False,False,False,47.03,2192540766.6666665,5.216939890710383,103.04610724043717,1,0
2021-02-01,90000.0,100000.0,200000.0,780000.0,150000.0,118333.33333333333,152500.0,49999.99999999724,50760.877323644934,219301.57732716348,-88.46153846153845,0.8660254037844386,0.5000000000000001,1,2021,False,False,False,51.725,2264148700.0,5.2,103.181366,1,0
2021-03-01,110000.0,90000.0,100000.0,320000.0,130000.0,123333.33333333333,95000.0,60827.625302979905,45018.514709685114,95107.59457296047,-65.625,1.0,6.123233995736766e-17,1,2021,True,False,False,56.42,2266714251.5068493,5.174520547945206,102.900902969863,1,0
2021-07-01,800000.0,450000.0,150000.0,20000.0,243333.33333333334,171666.66666666666,138333.33333333334,179257.7287966493,138045.88609106097,108613.85591612956,3900.0,-0.4999999999999997,-0.8660254037844388,3,2021,False,True,False,70.03,2276645418.630137,5.0758904109589045,101.81523962739726,1,0
2021-08-01,950000.0,800000.0,450000.0,60000.0,466666.6666666667,288333.3333333333,203333.33333333334,325320.3549323852,284001.1737064942,213811.0182267311,1483.3333333333335,-0.8660254037844384,-0.5000000000000004,3,2021,False,True,False,76.69,2279128210.410959,5.051232876712329,101.54382379178082,1,0
2021-09-01,350000.0,950000.0,800000.0,80000.0,733333.3333333334,431666.6666666667,277500.0,256580.0719723437,368370.28472267743,297539.1494485145,337.5,-1.0,-1.8369701987210297e-16,3,2021,False,False,True,74.34,2281693761.917808,5.025753424657535,101.26336076164384,1,0
2021-10-01,380000.0,350000.0,950000.0,120000.0,700000.0,471666.6666666667,300000.0,312249.8999199195,338255.32762495626,291391.64522870403,216.66666666666666,-0.8660254037844386,0.5000000000000001,4,2021,False,False,True,71.99,2284259313.4246573,5.00027397260274,100.98289773150684,1,0
2021-11-01,120000.0,380000.0,350000.0,150000.0,560000.0,513333.3333333333,321666.6666666667,338082.8300875389,301109.06108363223,286414.6178764857,-20.0,-0.5000000000000004,0.8660254037844384,4,2021,False,False,True,79.4,2286742105.20548,4.975616438356164,100.71148189589042,1,0
2021-12-01,80000.0,120000.0,380000.0,200000.0,283333.3333333333,508333.3333333333,319166.6666666667,142243.92195567815,308507.15820976754,288174.7681003612,-60.0,-2.4492935982947064e-16,1.0,4,2021,False,False,False,84.51,2289307656.712329,4.95013698630137,100.43101886575344,1,0
2022-01-01,200636.0,80000.0,120000.0,100000.0,193333.33333333334,446666.6666666667,309166.6666666667,162890.5563049407,355846.4088151888,294694.24319062795,100.636,0.49999999999999994,0.8660254037844387,1,2022,False,False,False,69.53,2291790448.4931507,4.925479452054795,100.159603030137,0,0
2022-02-01,321272.0,200636.0,80000.0,90000.0,133545.33333333334,346772.6666666667,317553.0,61448.09326035311,319044.54560870706,289588.4086687047,256.9688888888889,0.8660254037844386,0.5000000000000001,1,2022,False,False,False,69.53,2294356000.0,4.9,99.87914,0,0
2022-03-01,533772.0,321272.0,200636.0,110000.0,200636.0,241984.66666666666,336825.6666666667,120635.99999999885,126357.45254580844,280624.6515729226,385.24727272727273,1.0,6.123233995736766e-17,1,2022,True,False,False,69.53,2294356000.0,4.9,99.87914,0,0
2022-04-01,586585.0,533772.0,321272.0,130000.0,351893.3333333333,272613.3333333333,372140.0,168665.7883666189,171857.42544174884,276113.43111515197,351.21923076923076,0.8660254037844387,-0.4999999999999998,2,2022,True,False,False,69.53,2294356000.0,4.9,99.87914,0,0
2022-05-01,801179.0,586585.0,533772.0,150000.0,480543.0,307044.1666666667,410188.75,140437.67949877176,213358.0516337884,271126.8212429294,434.1193333333333,0.49999999999999994,-0.8660254037844387,2,2022,True,False,False,69.53,2294356000.0,4.9,99.87914,0,0
2022-06-01,1139321.0,801179.0,586585.0,450000.0,640512.0,420574.0,464453.6666666667,141625.2693166009,268126.03971789044,279357.4284233967,153.18244444444446,1.2246467991473532e-16,-1.0,2,2022,False,True,False,69.53,2294356000.0,4.9,99.87914,0,0
2022-07-01,2088388.0,1139321.0,801179.0,800000.0,842361.6666666666,597127.5,521897.0833333333,278659.79338493216,338537.33508536394,340332.23829729506,161.0485,-0.4999999999999997,-0.8660254037844388,3,2022,False,True,False,69.53,2294356000.0,4.9,99.87914,0,0
2022-08-01,1310751.0,2088388.0,1139321.0,950000.0,1342962.6666666667,911752.8333333334,629262.75,667329.9024637912,639649.1856120564,565067.1947061813,37.973789473684214,-0.8660254037844384,-0.5000000000000004,3,2022,False,True,False,69.53,2294356000.0,4.9,99.87914,0,0
2022-09-01,900724.0,1310751.0,2088388.0,350000.0,1512820.0,1076666.0,659325.3333333334,505772.6299366146,581912.2288627387,592607.4144455825,157.3497142857143,-1.0,-1.8369701987210297e-16,3,2022,False,False,True,69.53,2294356000.0,4.9,99.87914,0,0
2022-10-01,1117503.0,900724.0,1310751.0,380000.0,1433287.6666666667,1137824.6666666667,705219.0,603239.4800013781,530450.4892216305,587779.7542803067,194.07973684210526,-0.8660254037844386,0.5000000000000001,4,2022,False,False,True,69.53,2294356000.0,4.9,99.87914,0,0
2022-11-01,897408.0,1117503.0,900724.0,120000.0,1109659.3333333333,1226311.0,766677.5833333334,205126.00398860476,459664.53430431266,589238.3561599525,647.8399999999999,-0.5000000000000004,0.8660254037844384,4,2022,False,False,True,69.53,2294356000.0,4.9,99.87914,0,0
2022-12-01,1153332.0,897408.0,1117503.0,80000.0,971878.3333333334,1242349.1666666667,831461.5833333334,126125.55894953672,443250.2791270044,553316.8736443318,1341.665,-2.4492935982947064e-16,1.0,4,2022,False,False,False,69.53,2294356000.0,4.9,99.87914,0,0
2023-01-01,899329.0,1153332.0,897408.0,200636.0,1056081.0,1244684.3333333333,920905.9166666666,138577.6677787577,442635.42211290245,505484.26627514255,348.23909966307144,0.49999999999999994,0.8660254037844387,1,2023,False,False,False,69.53,2294356000.0,4.9,99.87914,0,0
