date,adr_mean,occupancy_rate,total_revenue,avg_stay,cancel_rate
2015-07-01,95.16915966386554,0.8403361344537815,28404.76,3.176470588235294,0.15966386554621848
2015-07-02,82.20548387096774,0.3870967741935484,19614.45,3.935483870967742,0.6129032258064516
2015-07-03,97.18303571428571,0.6607142857142857,15756.98,4.285714285714286,0.3392857142857143
2015-07-04,86.56597701149425,0.5057471264367817,21583.04,5.0344827586206895,0.4942528735632184
2015-07-05,100.00264150943397,0.6981132075471699,23756.85,5.962264150943396,0.3018867924528302
2015-07-06,92.93739726027398,0.5342465753424658,26252.87,4.890410958904109,0.4657534246575342
2015-07-07,96.1401923076923,0.5192307692307692,15433.22,6.076923076923077,0.4807692307692308
2015-07-08,82.37940298507463,0.6417910447761195,16326.53,3.970149253731343,0.3582089552238806
2015-07-09,80.648,0.36250000000000004,12738.67,3.025,0.6375
2015-07-10,114.2374,0.8200000000000001,27946.75,5.4,0.18
2015-07-11,98.87495145631068,0.5922330097087378,28265.13,3.883495145631068,0.4077669902912621
2015-07-12,110.41984126984127,0.5873015873015873,23875.75,4.809523809523809,0.4126984126984127
2015-07-13,97.79833333333333,0.4642857142857143,23520.02,3.9047619047619047,0.5357142857142857
2015-07-14,110.63742857142857,0.6857142857142857,18486.72,6.085714285714285,0.3142857142857143
2015-07-15,104.46395833333334,0.5208333333333333,15497.63,2.6770833333333335,0.4791666666666667
2015-07-16,99.4043137254902,0.3921568627450981,28151.29,3.5784313725490198,0.6078431372549019
2015-07-17,108.50496644295302,0.7046979865771812,40500.8,2.8926174496644297,0.2953020134228188
2015-07-18,94.43513157894736,0.48684210526315785,38242.07,4.256578947368421,0.5131578947368421
2015-07-19,122.97240740740742,0.6666666666666667,21433.26,5.203703703703703,0.3333333333333333
2015-07-20,105.24934959349594,0.41463414634146345,41175.43,4.32520325203252,0.5853658536585366
2015-07-21,101.25652173913043,0.3913043478260869,18782.9,3.5942028985507246,0.6086956521739131
2015-07-22,80.49568000000001,0.32799999999999996,14103.25,2.688,0.672
2015-07-23,95.88608333333333,0.5083333333333333,23735.58,2.6666666666666665,0.49166666666666664
2015-07-24,150.14728813559324,0.7457627118644068,32580.5,4.864406779661017,0.2542372881355932
2015-07-25,90.42177664974619,0.47715736040609136,39263.58,3.8223350253807107,0.5228426395939086
2015-07-26,131.3071111111111,0.6666666666666667,25881.96,5.933333333333334,0.3333333333333333
2015-07-27,93.71592814371257,0.41916167664670656,35621.9,3.1736526946107784,0.5808383233532934
2015-07-28,123.70133333333334,0.8,13907.33,4.6,0.2
2015-07-29,126.00617021276595,0.6595744680851063,16659.6,5.148936170212766,0.3404255319148936
2015-07-30,101.41463917525772,0.4020618556701031,25566.57,3.3711340206185567,0.5979381443298969
2015-07-31,136.08,0.7313432835820896,25274.4,3.701492537313433,0.26865671641791045
2015-08-01,142.45605504587155,0.5412844036697247,59869.32,5.89908256880734,0.45871559633027525
2015-08-02,146.90382978723403,0.851063829787234,37358.06,6.361702127659575,0.14893617021276595
2015-08-03,93.60388571428571,0.3771428571428571,45666.770000000004,4.2628571428571425,0.6228571428571429
2015-08-04,146.87466666666666,0.7777777777777778,26776.25,5.133333333333334,0.2222222222222222
2015-08-05,81.16280821917809,0.5616438356164384,23229.69,2.73972602739726,0.4383561643835616
2015-08-06,100.48753424657535,0.6301369863013699,19445.44,2.9452054794520546,0.3698630136986301
2015-08-07,98.73653846153846,0.5692307692307692,30150.59,3.0923076923076924,0.4307692307692308
2015-08-08,100.9478431372549,0.5098039215686274,45816.85,3.877450980392157,0.49019607843137253
2015-08-09,141.01240963855423,0.8313253012048193,39101.0,4.349397590361446,0.1686746987951807
2015-08-10,105.46336633663365,0.6089108910891089,69533.38,3.633663366336634,0.3910891089108911
2015-08-11,122.40688073394496,0.7431192660550459,37243.13,4.018348623853211,0.25688073394495414
2015-08-12,94.87322834645668,0.6062992125984252,22613.39,2.905511811023622,0.3937007874015748
2015-08-13,110.56084905660379,0.49056603773584906,27490.77,3.160377358490566,0.5094339622641509
2015-08-14,107.6313846153846,0.3538461538461538,47024.08,2.3815384615384616,0.6461538461538462
2015-08-15,107.26752631578948,0.531578947368421,60520.59,4.552631578947368,0.46842105263157896
2015-08-16,141.59357142857144,0.7551020408163265,44736.71,4.530612244897959,0.24489795918367346
2015-08-17,101.33313829787235,0.574468085106383,56323.57,3.7127659574468086,0.425531914893617
2015-08-18,120.56978723404255,0.7234042553191489,35243.409999999996,3.595744680851064,0.2765957446808511
2015-08-19,123.82619047619048,0.873015873015873,23947.29,4.142857142857143,0.12698412698412698
2015-08-20,100.01609523809525,0.5238095238095238,29352.94,3.4857142857142858,0.47619047619047616
2015-08-21,133.75216216216216,0.8243243243243243,37675.64,4.324324324324325,0.17567567567567569
2015-08-22,116.50798561151079,0.5755395683453237,58184.05,4.467625899280575,0.4244604316546763
2015-08-23,142.00426666666667,0.7733333333333333,42731.94,5.293333333333333,0.22666666666666666
2015-08-24,101.32880794701987,0.543046357615894,34310.48,3.013245033112583,0.45695364238410596
2015-08-25,92.7666393442623,0.5163934426229508,27447.35,4.131147540983607,0.48360655737704916
2015-08-26,88.44714285714285,0.5714285714285714,17793.28,2.5982142857142856,0.42857142857142855
2015-08-27,95.13163265306122,0.37755102040816324,19461.59,3.642857142857143,0.6224489795918368
2015-08-28,123.52926829268293,0.6951219512195121,25590.72,3.792682926829268,0.3048780487804878
2015-08-29,111.86330275229358,0.8165137614678899,39362.86,4.018348623853211,0.1834862385321101
2015-08-30,106.0748,0.48,22951.87,3.7,0.52
2015-08-31,91.4621238938053,0.6814159292035398,30699.7,3.7168141592920354,0.3185840707964602
2015-09-01,111.70212765957447,0.8085106382978724,44721.74,5.531914893617022,0.19148936170212766
2015-09-02,66.30666666666666,0.5634920634920635,24423.22,4.928571428571429,0.4365079365079365
2015-09-03,87.04359477124183,0.5816993464052287,35418.26,3.320261437908497,0.41830065359477125
2015-09-04,101.09805263157895,0.7789473684210526,43111.6,2.905263157894737,0.22105263157894736
2015-09-05,83.24726495726496,0.3931623931623932,34741.48,3.7264957264957266,0.6068376068376068
2015-09-06,91.99979591836734,0.8367346938775511,48944.78,3.945578231292517,0.16326530612244897
2015-09-07,104.81046511627906,0.689922480620155,43971.11,4.217054263565892,0.31007751937984496
2015-09-08,95.59176470588235,0.6666666666666667,25827.07,3.303921568627451,0.3333333333333333
2015-09-09,90.01888324873097,0.6751269035532995,35510.59,2.8934010152284264,0.3248730964467005
2015-09-10,98.78,0.44852941176470584,28288.36,3.801470588235294,0.5514705882352942
2015-09-11,90.41492753623189,0.6231884057971014,28506.42,2.7681159420289854,0.37681159420289856
2015-09-12,73.02695187165774,0.5294117647058824,32874.6,4.294117647058823,0.47058823529411764
2015-09-13,96.58876923076923,0.7846153846153846,26475.45,5.6,0.2153846153846154
2015-09-14,90.00758620689655,0.7586206896551724,36798.11,3.2413793103448274,0.2413793103448276
2015-09-15,86.60605042016807,0.6638655462184874,27962.88,4.563025210084033,0.33613445378151263
2015-09-16,84.72556886227545,0.6946107784431137,28803.6,2.8323353293413174,0.30538922155688625
2015-09-17,66.89544891640867,0.3993808049535603,38285.78,2.9690402476780187,0.6006191950464397
2015-09-18,102.1785798816568,0.3994082840236687,35419.5,2.3461538461538463,0.6005917159763313
2015-09-19,87.70063157894737,0.6052631578947368,42663.01,4.126315789473685,0.39473684210526316
2015-09-20,96.68960000000001,0.6719999999999999,34439.8,3.912,0.328
2015-09-21,83.96372727272727,0.65,40453.86,2.772727272727273,0.35
2015-09-22,105.42828282828282,0.8585858585858586,24559.28,2.878787878787879,0.1414141414141414
2015-09-23,108.73927152317881,0.7152317880794702,43078.61,3.0397350993377485,0.2847682119205298
2015-09-24,120.37353773584906,0.4386792452830188,29680.38,4.2924528301886795,0.5613207547169812
2015-09-25,145.98911764705883,0.5477941176470589,94432.08,4.216911764705882,0.4522058823529412
2015-09-26,130.44846153846154,0.42051282051282046,36168.69,3.41025641025641,0.5794871794871795
2015-09-27,115.55485294117646,0.7352941176470589,22427.5,4.514705882352941,0.2647058823529412
2015-09-28,98.65377358490565,0.5943396226415094,22983.93,3.3773584905660377,0.4056603773584906
2015-09-29,79.78284403669724,0.5779816513761468,19420.32,3.6422018348623855,0.42201834862385323
2015-09-30,108.49049261083744,0.5024630541871922,24228.66,2.3645320197044337,0.4975369458128079
2015-10-01,85.76940677966103,0.7203389830508475,26761.52,3.694915254237288,0.2796610169491525
2015-10-02,97.4679797979798,0.8939393939393939,45718.27,2.8383838383838382,0.10606060606060606
2015-10-03,64.60653846153846,0.27884615384615385,18113.8,3.7403846153846154,0.7211538461538461
2015-10-04,80.25558011049723,0.6187845303867403,32529.99,3.679558011049724,0.3812154696132597
2015-10-05,101.0778475336323,0.48430493273542596,28968.32,4.179372197309417,0.515695067264574
2015-10-06,87.24818713450293,0.6198830409356726,34847.409999999996,3.584795321637427,0.38011695906432746
2015-10-07,81.63184782608695,0.6847826086956521,30001.56,2.641304347826087,0.31521739130434784
2015-10-08,69.89848101265822,0.5126582278481013,18607.21,3.7911392405063293,0.4873417721518987
2015-10-09,90.71000000000001,0.6298076923076923,32190.65,2.764423076923077,0.3701923076923077
2015-10-10,69.05311475409836,0.5122950819672132,24415.1,2.668032786885246,0.48770491803278687
2015-10-11,76.00910891089109,0.6633663366336633,15544.3,2.881188118811881,0.33663366336633666
2015-10-12,78.15449494949495,0.7777777777777778,39697.28,3.287878787878788,0.2222222222222222
2015-10-13,82.43021978021977,0.9560439560439561,20573.06,2.8461538461538463,0.04395604395604396
2015-10-14,73.46714285714286,0.9428571428571428,15073.56,3.2714285714285714,0.05714285714285714
2015-10-15,75.25048582995952,0.728744939271255,39047.41,2.9068825910931175,0.27125506072874495
2015-10-16,96.68011396011396,0.36752136752136755,27984.78,1.9458689458689458,0.6324786324786325
2015-10-17,72.415703125,0.46875,12857.36,2.234375,0.53125
2015-10-18,82.64025862068966,0.8448275862068966,33523.86,4.379310344827586,0.15517241379310345
2015-10-19,78.16300448430492,0.7443946188340806,48184.77,3.5291479820627805,0.2556053811659193
2015-10-20,97.49861111111112,0.8611111111111112,26060.25,3.212962962962963,0.1388888888888889
2015-10-21,78.61585585585586,0.7657657657657657,19736.28,2.945945945945946,0.23423423423423423
2015-10-22,76.27337209302326,0.8604651162790697,20156.55,3.7906976744186047,0.13953488372093023
2015-10-23,78.64966292134831,0.8876404494382022,21209.01,3.550561797752809,0.11235955056179775
2015-10-24,84.9970625,0.38125,17422.72,2.11875,0.61875
2015-10-25,86.45945945945945,0.9121621621621622,38385.14,3.554054054054054,0.08783783783783784
2015-10-26,70.84147368421053,0.6210526315789473,19385.74,4.831578947368421,0.37894736842105264
2015-10-27,68.5086274509804,0.9803921568627451,9060.53,2.4705882352941178,0.0196078431372549
2015-10-28,84.35435714285715,0.95,32856.39,2.907142857142857,0.05
2015-10-29,78.37961538461539,0.5846153846153845,12051.42,2.3692307692307693,0.4153846153846154
2015-10-30,71.25838095238095,0.638095238095238,10288.77,2.8190476190476192,0.3619047619047619
2015-10-31,59.788415300546454,0.4972677595628415,13461.87,2.19672131147541,0.5027322404371585
2015-11-01,59.75280701754386,0.8596491228070176,11639.6,3.7719298245614037,0.14035087719298245
2015-11-02,66.29012987012987,0.7142857142857143,18085.19,6.35064935064935,0.2857142857142857
2015-11-03,53.864117647058826,0.9264705882352942,16735.54,5.397058823529412,0.07352941176470588
2015-11-04,77.235,0.6470588235294117,8783.61,2.8676470588235294,0.35294117647058826
2015-11-05,72.49178571428571,0.9107142857142857,11369.43,3.1964285714285716,0.08928571428571429
2015-11-06,67.0076,0.83,18053.56,4.09,0.17
2015-11-07,58.16703703703703,0.712962962962963,21445.76,5.138888888888889,0.28703703703703703
2015-11-08,62.921509433962264,0.8301886792452831,13218.27,5.169811320754717,0.16981132075471697
2015-11-09,62.87777777777778,0.5432098765432098,8794.5,3.345679012345679,0.4567901234567901
2015-11-10,67.42617021276597,0.7659574468085106,8183.72,3.234042553191489,0.23404255319148937
2015-11-11,60.28300000000001,0.7,9010.39,3.157142857142857,0.3
2015-11-12,57.72421875,0.6875,8459.81,3.03125,0.3125
2015-11-13,77.74142857142859,0.4642857142857143,3912.16,2.1607142857142856,0.5357142857142857
2015-11-14,74.66,0.8421052631578947,5982.09,2.6842105263157894,0.15789473684210525
2015-11-15,60.339259259259265,0.8518518518518519,4308.76,3.5555555555555554,0.14814814814814814
2015-11-16,48.87865671641791,0.835820895522388,8806.2,3.716417910447761,0.16417910447761194
2015-11-17,58.90625,0.9125,9752.01,2.5375,0.0875
2015-11-18,62.93988372093023,0.936046511627907,34859.4,3.36046511627907,0.06395348837209303
2015-11-19,62.12309090909091,0.8,6655.64,2.963636363636364,0.2
2015-11-20,66.6241111111111,0.7,21591.42,2.35,0.3
2015-11-21,48.93855421686747,0.9518072289156626,7847.48,1.8433734939759037,0.04819277108433735
2015-11-22,63.87868421052631,0.9473684210526316,8486.71,4.421052631578948,0.05263157894736842
2015-11-23,69.35657004830918,0.6570048309178744,29345.72,3.183574879227053,0.34299516908212563
2015-11-24,58.379090909090905,0.9393939393939394,9776.52,2.6515151515151514,0.06060606060606061
2015-11-25,53.60617021276595,0.8936170212765957,4824.89,2.0851063829787235,0.10638297872340426
2015-11-26,56.90240740740741,0.8703703703703703,6496.23,2.5,0.12962962962962962
2015-11-27,58.86804878048781,0.8536585365853658,15153.44,2.4146341463414633,0.14634146341463414
2015-11-28,56.906271186440684,0.7627118644067796,5108.03,2.1016949152542375,0.23728813559322035
2015-11-29,67.545,0.75,2670.75,2.6,0.25
2015-11-30,47.112264150943396,0.8679245283018868,7352.66,4.943396226415095,0.1320754716981132
2015-12-01,56.72240740740741,0.7777777777777778,4565.52,2.3703703703703702,0.2222222222222222
2015-12-02,56.43036363636364,0.8909090909090909,7720.42,2.8363636363636364,0.10909090909090909
2015-12-03,59.04638554216868,0.7108433734939759,9344.710000000001,2.7951807228915664,0.2891566265060241
2015-12-04,74.30520661157026,0.6115702479338843,19572.7,3.479338842975207,0.3884297520661157
2015-12-05,70.69348519362187,0.5626423690205011,53117.21,2.9134396355353074,0.43735763097949887
2015-12-06,68.85539682539682,0.6984126984126984,7358.0,2.507936507936508,0.30158730158730157
2015-12-07,53.324,0.84,1858.46,2.24,0.16
2015-12-08,85.25116402116402,0.1164021164021164,3497.79,2.306878306878307,0.8835978835978836
2015-12-09,78.93986486486487,0.43243243243243246,9183.2,2.2905405405405403,0.5675675675675675
2015-12-10,54.28666666666667,1.0,4773.87,1.9166666666666667,0.0
2015-12-11,68.77571428571429,0.8285714285714285,4363.65,2.5714285714285716,0.17142857142857143
2015-12-12,64.59714285714286,0.9285714285714286,5906.66,2.4047619047619047,0.07142857142857142
2015-12-13,55.044999999999995,0.7777777777777778,2328.0,4.166666666666667,0.2222222222222222
2015-12-14,49.95621621621622,0.9189189189189189,4180.5,2.972972972972973,0.08108108108108109
2015-12-15,57.0675,0.8928571428571429,3632.0299999999997,2.7142857142857144,0.10714285714285714
2015-12-16,57.89297297297297,0.9459459459459459,4258.78,2.081081081081081,0.05405405405405406
2015-12-17,53.602444444444444,0.8666666666666667,7272.8099999999995,3.8666666666666667,0.13333333333333333
2015-12-18,67.33717391304349,0.8913043478260869,5370.03,1.934782608695652,0.10869565217391304
2015-12-19,69.41772727272728,0.6022727272727273,8219.88,2.375,0.3977272727272727
2015-12-20,55.739999999999995,0.736842105263158,5049.68,4.973684210526316,0.2631578947368421
2015-12-21,56.44787234042553,0.8085106382978724,7387.4400000000005,4.446808510638298,0.19148936170212766
2015-12-22,56.19842857142857,0.7571428571428571,13947.880000000001,5.228571428571429,0.24285714285714285
2015-12-23,71.09847457627119,0.864406779661017,20636.34,5.423728813559322,0.13559322033898305
2015-12-24,70.47095238095237,0.75,12750.22,3.3095238095238093,0.25
2015-12-25,64.58545454545455,0.5757575757575757,7211.5199999999995,2.8333333333333335,0.42424242424242425
2015-12-26,77.05702702702703,0.7477477477477478,21566.92,3.5135135135135136,0.25225225225225223
2015-12-27,79.02121951219513,0.6747967479674797,23038.14,3.2357723577235773,0.3252032520325203
2015-12-28,85.858,0.7263157894736842,19455.59,3.2421052631578946,0.2736842105263158
2015-12-29,88.03354838709677,0.6516129032258065,29916.24,3.7096774193548385,0.34838709677419355
2015-12-30,125.57486725663716,0.7123893805309734,74586.35,3.6150442477876106,0.28761061946902655
2015-12-31,119.09833333333333,0.6916666666666667,27451.03,3.0083333333333333,0.30833333333333335
2016-01-01,93.85727272727273,0.75,8082.37,2.977272727272727,0.25
2016-01-02,83.65606557377049,0.6502732240437159,27150.93,2.628415300546448,0.34972677595628415
2016-01-03,59.75370967741936,0.7096774193548387,6528.79,2.806451612903226,0.2903225806451613
2016-01-04,66.40162162162163,0.8648648648648649,13144.67,3.324324324324324,0.13513513513513514
2016-01-05,59.83772727272728,0.7954545454545454,6095.89,3.772727272727273,0.20454545454545456
2016-01-06,66.65265306122448,0.8979591836734694,5345.39,2.3877551020408165,0.10204081632653061
2016-01-07,60.74787234042553,0.8297872340425532,6190.34,3.148936170212766,0.1702127659574468
2016-01-08,60.94719298245614,0.7894736842105263,7735.15,4.298245614035087,0.21052631578947367
2016-01-09,58.79274509803921,0.7647058823529411,6099.76,3.0,0.23529411764705882
2016-01-10,61.371818181818185,0.8409090909090909,8666.96,4.840909090909091,0.1590909090909091
2016-01-11,47.75825,0.975,4697.61,2.5,0.025
2016-01-12,55.77132352941176,0.7794117647058824,5813.53,3.926470588235294,0.22058823529411764
2016-01-13,52.812444444444445,0.8444444444444444,5346.21,3.1777777777777776,0.15555555555555556
2016-01-14,57.59537634408602,0.8064516129032258,8909.27,2.6666666666666665,0.1935483870967742
2016-01-15,71.57849999999999,0.7875,11811.52,2.85,0.2125
2016-01-16,65.3780303030303,0.803030303030303,7554.19,2.787878787878788,0.19696969696969696
2016-01-17,71.51777777777778,0.8333333333333334,7183.48,3.9444444444444446,0.16666666666666666
2016-01-18,56.56517241379311,0.8275862068965517,6732.08,3.189655172413793,0.1724137931034483
2016-01-19,69.68795774647887,0.7394366197183099,17349.17,2.471830985915493,0.2605633802816901
2016-01-20,61.031129032258065,0.8709677419354839,6607.49,2.693548387096774,0.12903225806451613
2016-01-21,62.68688524590164,0.9016393442622951,9491.1,2.5737704918032787,0.09836065573770492
2016-01-22,74.06395348837209,0.3565891472868217,6179.26,1.550387596899225,0.6434108527131783
2016-01-23,65.41235294117647,0.8823529411764706,6731.25,1.7647058823529411,0.11764705882352941
2016-01-24,67.5488888888889,0.8611111111111112,6225.76,3.3055555555555554,0.1388888888888889
2016-01-25,65.06155844155843,0.8051948051948052,8040.64,2.6363636363636362,0.19480519480519481
2016-01-26,56.76030769230769,0.8615384615384616,6937.76,2.9846153846153847,0.13846153846153847
2016-01-27,70.40069444444445,0.4097222222222222,9429.31,2.173611111111111,0.5902777777777778
2016-01-28,66.07270588235295,0.788235294117647,10453.8,2.7058823529411766,0.21176470588235294
2016-01-29,72.26084337349397,0.7710843373493976,10091.2,2.325301204819277,0.2289156626506024
2016-01-30,66.70368421052632,0.8070175438596492,6951.69,2.7719298245614037,0.19298245614035087
2016-01-31,63.36242424242425,0.9090909090909091,6944.8099999999995,3.8181818181818183,0.09090909090909091
2016-02-01,60.61838709677419,0.7741935483870968,7184.86,3.435483870967742,0.22580645161290322
2016-02-02,61.96492307692307,0.7384615384615385,5165.8099999999995,3.1384615384615384,0.26153846153846155
2016-02-03,65.86841463414635,0.8292682926829268,12271.78,4.2073170731707314,0.17073170731707318
2016-02-04,60.71144230769231,0.8173076923076923,15136.52,3.105769230769231,0.18269230769230768
2016-02-05,70.13776,0.792,18492.82,3.04,0.208
2016-02-06,69.56714285714285,0.7649769585253456,34111.24,3.225806451612903,0.2350230414746544
2016-02-07,75.97763779527558,0.6771653543307087,20485.97,2.9921259842519685,0.3228346456692913
2016-02-08,77.58048192771085,0.8192771084337349,15905.82,3.1204819277108435,0.18072289156626506
2016-02-09,65.78931506849315,0.7123287671232876,8749.9,2.7260273972602738,0.2876712328767123
2016-02-10,70.53567567567568,0.8243243243243243,10451.82,2.972972972972973,0.17567567567567569
2016-02-11,64.05326732673268,0.7029702970297029,14789.55,3.108910891089109,0.297029702970297
2016-02-12,71.93501730103807,0.5190311418685121,26070.489999999998,2.4948096885813147,0.4809688581314879
2016-02-13,78.10436464088397,0.8287292817679558,23073.72,2.25414364640884,0.1712707182320442
2016-02-14,81.82554455445543,0.7227722772277227,21306.77,3.2475247524752477,0.27722772277227725
2016-02-15,62.68879518072289,0.8313253012048193,14751.69,3.4216867469879517,0.1686746987951807
2016-02-16,63.028051948051946,0.8961038961038961,9949.12,2.5714285714285716,0.1038961038961039
2016-02-17,72.01095406360423,0.2508833922261484,11394.04,2.3568904593639575,0.7491166077738516
2016-02-18,74.06180722891567,0.8433734939759037,14474.17,2.891566265060241,0.1566265060240964
2016-02-19,80.13202429149798,0.6234817813765182,22130.11,1.7894736842105263,0.3765182186234818
2016-02-20,70.2252380952381,0.8285714285714285,17099.42,3.0476190476190474,0.17142857142857143
2016-02-21,75.68514285714285,0.47619047619047616,13026.17,3.4095238095238094,0.5238095238095238
2016-02-22,69.37942857142858,0.8380952380952381,19871.13,3.5238095238095237,0.1619047619047619
2016-02-23,71.73876923076924,0.8615384615384616,13036.8,3.3384615384615386,0.13846153846153847
2016-02-24,70.48254901960784,0.6568627450980392,12549.71,2.4705882352941178,0.3431372549019608
2016-02-25,71.79046666666666,0.6,18818.07,3.32,0.4
2016-02-26,71.64083333333333,0.4916666666666667,19376.37,2.8625,0.5083333333333333
2016-02-27,73.61029702970298,0.7821782178217822,34273.26,3.128712871287129,0.21782178217821782
2016-02-28,67.17056994818653,0.33678756476683935,17404.43,3.284974093264249,0.6632124352331606
2016-02-29,72.96354166666667,0.59375,12819.16,3.3020833333333335,0.40625
2016-03-01,67.46243697478991,0.7478991596638656,20273.74,3.5210084033613445,0.25210084033613445
2016-03-02,67.76082802547771,0.7261146496815287,19468.52,3.1656050955414012,0.27388535031847133
2016-03-03,79.49870370370371,0.75,18233.23,3.314814814814815,0.25
2016-03-04,75.28056872037915,0.6161137440758293,23067.54,4.0,0.38388625592417064
2016-03-05,73.39404580152673,0.7404580152671756,19822.89,3.1908396946564888,0.2595419847328244
2016-03-06,76.15833333333333,0.8636363636363636,13371.18,3.484848484848485,0.13636363636363635
2016-03-07,70.1517006802721,0.7891156462585034,30577.39,3.857142857142857,0.2108843537414966
2016-03-08,67.65254385964913,0.8508771929824561,16445.44,2.789473684210526,0.14912280701754385
2016-03-09,72.71503546099291,0.8226950354609929,25388.52,3.141843971631206,0.1773049645390071
2016-03-10,72.31691588785047,0.7850467289719626,19443.36,3.5233644859813085,0.21495327102803738
2016-03-11,68.777,0.7388888888888889,23124.55,2.5055555555555555,0.2611111111111111
2016-03-12,67.43023255813954,0.7751937984496124,21041.57,3.147286821705426,0.2248062015503876
2016-03-13,73.87519607843137,0.8235294117647058,20934.18,3.549019607843137,0.17647058823529413
2016-03-14,66.7979646017699,0.8672566371681416,21855.25,3.47787610619469,0.13274336283185842
2016-03-15,65.02842592592593,0.8333333333333334,19013.31,3.462962962962963,0.16666666666666666
2016-03-16,64.24628318584071,0.8407079646017699,15746.6,2.893805309734513,0.1592920353982301
2016-03-17,69.78430107526881,0.7096774193548387,25300.04,2.989247311827957,0.2903225806451613
2016-03-18,83.73778350515464,0.5618556701030928,23674.69,2.685567010309278,0.4381443298969072
2016-03-19,76.66485849056605,0.5849056603773585,32097.43,3.4764150943396226,0.41509433962264153
2016-03-20,82.3149173553719,0.5495867768595042,36778.38,3.322314049586777,0.45041322314049587
2016-03-21,76.37619318181818,0.6818181818181819,28817.77,3.1193181818181817,0.3181818181818182
2016-03-22,93.52801324503311,0.5629139072847682,20676.19,2.947019867549669,0.4370860927152318
2016-03-23,93.441968503937,0.7401574803149606,25578.61,3.1338582677165356,0.25984251968503935
2016-03-24,98.5427972027972,0.6118881118881119,53101.64,3.2552447552447554,0.3881118881118881
2016-03-25,130.22550660792953,0.4581497797356828,29537.5,3.2202643171806167,0.5418502202643172
2016-03-26,108.44009345794393,0.5514018691588785,17953.35,3.0093457943925235,0.4485981308411215
2016-03-27,86.4073076923077,0.7403846153846154,19083.06,3.201923076923077,0.25961538461538464
2016-03-28,81.62814371257485,0.7604790419161677,39961.87,3.856287425149701,0.23952095808383234
2016-03-29,79.2046551724138,0.8189655172413793,23529.39,3.3620689655172415,0.1810344827586207
2016-03-30,79.94699386503068,0.5889570552147239,23305.36,3.2392638036809815,0.4110429447852761
2016-03-31,77.35140425531915,0.6851063829787234,40134.87,3.2212765957446807,0.3148936170212766
2016-04-01,93.50267326732674,0.7326732673267327,20036.08,3.1485148514851486,0.26732673267326734
2016-04-02,90.99421568627452,0.6764705882352942,21228.57,3.5294117647058822,0.3235294117647059
2016-04-03,88.7516,0.6799999999999999,21795.91,3.56,0.32
2016-04-04,81.76864734299517,0.7101449275362319,33824.42,3.2270531400966185,0.2898550724637681
2016-04-05,83.80097345132744,0.7433628318584071,19172.2,2.7964601769911503,0.25663716814159293
2016-04-06,87.11833333333333,0.6239316239316239,26739.18,1.9017094017094016,0.37606837606837606
2016-04-07,81.30146596858638,0.5916230366492147,27700.24,2.837696335078534,0.4083769633507853
2016-04-08,85.41195530726257,0.7039106145251397,29546.8,2.9273743016759775,0.29608938547486036
2016-04-09,80.47017937219731,0.6502242152466368,39852.67,3.8161434977578477,0.34977578475336324
2016-04-10,89.71824000000001,0.656,29358.09,4.456,0.344
2016-04-11,90.91683060109288,0.6666666666666667,38760.12,3.918032786885246,0.3333333333333333
2016-04-12,89.33999999999999,0.5923566878980892,25642.05,3.0573248407643314,0.40764331210191085
2016-04-13,100.13380681818181,0.6306818181818181,24096.57,2.6420454545454546,0.3693181818181818
2016-04-14,86.95140703517589,0.37688442211055273,21097.15,2.879396984924623,0.6231155778894473
2016-04-15,100.26905063291139,0.6645569620253164,25349.1,2.721518987341772,0.33544303797468356
2016-04-16,94.8921472392638,0.7300613496932515,33008.770000000004,3.2024539877300615,0.26993865030674846
2016-04-17,94.08467948717949,0.6282051282051282,31241.739999999998,3.269230769230769,0.3717948717948718
2016-04-18,81.98764705882353,0.7843137254901961,43050.85,3.4166666666666665,0.21568627450980393
2016-04-19,87.33633136094674,0.4497041420118343,19658.52,3.467455621301775,0.5502958579881657
2016-04-20,87.96407239819005,0.6561085972850679,34492.62,3.081447963800905,0.3438914027149321
2016-04-21,92.90097222222222,0.6041666666666667,27542.47,2.7916666666666665,0.3958333333333333
2016-04-22,93.5527027027027,0.4942084942084942,32991.41,3.5405405405405403,0.5057915057915058
2016-04-23,96.72417647058823,0.7058823529411764,36670.98,3.6470588235294117,0.29411764705882354
2016-04-24,97.38239520958084,0.4850299401197605,24772.03,3.245508982035928,0.5149700598802395
2016-04-25,89.74154362416107,0.6241610738255033,27886.18,3.664429530201342,0.37583892617449666
2016-04-26,84.02476470588235,0.7647058823529411,31983.63,2.929411764705882,0.23529411764705882
2016-04-27,93.94747126436782,0.5747126436781609,28985.8,3.4310344827586206,0.42528735632183906
2016-04-28,95.96041811846689,0.42160278745644597,38433.52,3.142857142857143,0.578397212543554
2016-04-29,91.04362934362933,0.5096525096525096,41025.01,3.6795366795366795,0.49034749034749037
2016-04-30,98.79796116504855,0.6990291262135923,40648.7,3.1941747572815533,0.30097087378640774
2016-05-01,102.45191011235954,0.6629213483146068,21874.65,4.325842696629214,0.33707865168539325
2016-05-02,90.49317829457365,0.686046511627907,48847.22,3.1666666666666665,0.313953488372093
2016-05-03,98.34488636363636,0.7840909090909091,19355.48,3.2613636363636362,0.2159090909090909
2016-05-04,92.0824427480916,0.7557251908396947,26769.99,3.015267175572519,0.24427480916030533
2016-05-05,88.5023595505618,0.5393258426966292,49266.19,3.7715355805243447,0.4606741573033708
2016-05-06,105.78690476190476,0.7142857142857143,25191.54,2.9523809523809526,0.2857142857142857
2016-05-07,106.41183673469388,0.6598639455782314,31733.01,3.5170068027210886,0.3401360544217687
2016-05-08,93.09585034013605,0.6666666666666667,30120.51,3.503401360544218,0.3333333333333333
2016-05-09,96.06969512195123,0.7682926829268293,47424.64,4.091463414634147,0.23170731707317074
2016-05-10,94.34901315789473,0.6644736842105263,27347.06,2.8157894736842106,0.3355263157894737
2016-05-11,107.26317829457365,0.7829457364341086,32222.22,3.0775193798449614,0.21705426356589147
2016-05-12,80.37774436090226,0.5451127819548872,41826.11,3.1954887218045114,0.4548872180451128
2016-05-13,107.8155364806867,0.42060085836909866,31535.98,3.2532188841201717,0.5793991416309013
2016-05-14,94.63928104575163,0.6862745098039216,27313.9,3.215686274509804,0.3137254901960784
2016-05-15,93.70139784946237,0.7043010752688172,40824.78,3.129032258064516,0.2956989247311828
2016-05-16,86.42009174311927,0.6788990825688073,40140.77,3.2522935779816513,0.3211009174311927
2016-05-17,94.42489898989899,0.6515151515151515,39731.44,3.2323232323232323,0.3484848484848485
2016-05-18,93.6051515151515,0.6212121212121212,25082.05,3.0833333333333335,0.3787878787878788
2016-05-19,92.90496153846154,0.6307692307692307,49937.95,3.35,0.36923076923076925
2016-05-20,103.22495495495495,0.49099099099099097,24364.92,2.436936936936937,0.509009009009009
2016-05-21,116.83143617021277,0.6436170212765957,38894.46,3.0319148936170213,0.35638297872340424
2016-05-22,100.144296875,0.7890625,35461.51,3.65625,0.2109375
2016-05-23,102.99977099236641,0.7404580152671756,27081.17,3.0381679389312977,0.2595419847328244
2016-05-24,114.49584474885845,0.4155251141552512,26423.8,2.680365296803653,0.5844748858447488
2016-05-25,98.20611111111111,0.8148148148148149,27010.84,3.259259259259259,0.18518518518518517
2016-05-26,102.00710622710622,0.7692307692307692,69081.68,3.0183150183150182,0.23076923076923078
2016-05-27,107.98364583333334,0.5416666666666667,16252.960000000001,2.6979166666666665,0.4583333333333333
2016-05-28,105.68189473684211,0.631578947368421,16911.08,3.3157894736842106,0.3684210526315789
2016-05-29,100.31587912087913,0.7087912087912087,47367.45,3.6263736263736264,0.29120879120879123
2016-05-30,100.6447027027027,0.7135135135135136,49327.93,3.7945945945945945,0.2864864864864865
2016-05-31,103.12367346938777,0.5459183673469388,38554.34,3.561224489795918,0.45408163265306123
2016-06-01,104.71053030303031,0.6590909090909092,38385.69,4.007575757575758,0.3409090909090909
2016-06-02,105.38841509433962,0.5245283018867924,44377.7,2.9320754716981132,0.47547169811320755
2016-06-03,109.14542105263159,0.6052631578947368,39367.57,3.168421052631579,0.39473684210526316
2016-06-04,95.23183673469387,0.6258503401360545,31030.39,3.435374149659864,0.3741496598639456
2016-06-05,95.59330188679245,0.5849056603773585,23822.76,4.132075471698113,0.41509433962264153
2016-06-06,108.36013274336283,0.8672566371681416,67656.57,3.2168141592920354,0.13274336283185842
2016-06-07,122.01828571428572,0.4214285714285714,25937.22,3.7857142857142856,0.5785714285714286
2016-06-08,114.26683417085427,0.4120603015075377,23244.09,2.185929648241206,0.5879396984924623
2016-06-09,106.5291402714932,0.49321266968325794,42377.72,3.072398190045249,0.5067873303167421
2016-06-10,115.24779487179487,0.6923076923076923,43106.67,3.1384615384615384,0.3076923076923077
2016-06-11,110.3857,0.8,34439.36,4.62,0.2
2016-06-12,118.77349775784754,0.4170403587443946,40854.979999999996,4.641255605381166,0.5829596412556054
2016-06-13,105.928203125,0.7578125,34518.39,3.90625,0.2421875
2016-06-14,111.94654867256637,0.3672566371681416,25721.55,3.106194690265487,0.6327433628318584
2016-06-15,118.22198581560284,0.46808510638297873,42903.5,2.6099290780141846,0.5319148936170213
2016-06-16,109.01843537414966,0.6054421768707483,39940.94,3.6054421768707483,0.3945578231292517
2016-06-17,107.52,0.439873417721519,49846.52,2.9556962025316458,0.560126582278481
2016-06-18,111.56296875,0.65625,33352.43,4.0703125,0.34375
2016-06-19,112.33305785123966,0.7355371900826446,37277.36,4.297520661157025,0.2644628099173554
2016-06-20,105.74517412935323,0.5870646766169154,37702.38,3.4378109452736316,0.4129353233830846
2016-06-21,98.84782945736434,0.751937984496124,40834.7,4.038759689922481,0.24806201550387597
2016-06-22,101.96283185840707,0.8053097345132744,27142.489999999998,3.1150442477876106,0.19469026548672566
2016-06-23,86.40854961832062,0.549618320610687,22254.13,2.900763358778626,0.45038167938931295
2016-06-24,95.94585185185186,0.8037037037037037,50722.14,2.533333333333333,0.1962962962962963
2016-06-25,125.00164556962024,0.6582278481012658,28103.65,4.3164556962025316,0.34177215189873417
2016-06-26,107.58327433628318,0.7345132743362832,66573.64,4.008849557522124,0.26548672566371684
2016-06-27,113.33591160220995,0.5359116022099448,39245.65,4.143646408839779,0.46408839779005523
2016-06-28,109.26666666666667,0.7121212121212122,44952.83,4.613636363636363,0.2878787878787879
2016-06-29,114.32706521739131,0.7173913043478262,23898.969999999998,3.717391304347826,0.2826086956521739
2016-06-30,105.98701657458564,0.569060773480663,45208.39,3.7403314917127073,0.430939226519337
2016-07-01,108.1475581395349,0.5348837209302326,38714.01,3.616279069767442,0.46511627906976744
2016-07-02,118.21915384615384,0.6076923076923078,42052.49,4.907692307692308,0.3923076923076923
2016-07-03,119.51879310344827,0.7241379310344828,45169.96,4.732758620689655,0.27586206896551724
2016-07-04,119.40272108843538,0.7142857142857143,60116.72,5.217687074829932,0.2857142857142857
2016-07-05,121.44228571428572,0.8380952380952381,50135.4,5.057142857142857,0.1619047619047619
2016-07-06,116.836875,0.5340909090909092,43276.93,4.534090909090909,0.4659090909090909
2016-07-07,112.64976331360947,0.49112426035502954,35700.04,3.1597633136094676,0.5088757396449705
2016-07-08,135.80218309859154,0.6408450704225352,39958.409999999996,3.3380281690140845,0.3591549295774648
2016-07-09,124.3894890510949,0.6934306569343065,49143.59,4.430656934306569,0.30656934306569344
2016-07-10,122.3125,0.8461538461538461,50967.020000000004,4.5,0.15384615384615385
2016-07-11,121.30239766081871,0.631578947368421,54281.94,3.865497076023392,0.3684210526315789
2016-07-12,118.53166666666667,0.7142857142857143,37744.2,4.190476190476191,0.2857142857142857
2016-07-13,126.90119658119659,0.7692307692307692,49146.53,4.2905982905982905,0.23076923076923078
2016-07-14,122.52861635220125,0.5534591194968553,44664.14,3.591194968553459,0.44654088050314467
2016-07-15,136.7372142857143,0.6571428571428571,41998.5,3.6285714285714286,0.34285714285714286
2016-07-16,137.70685714285716,0.6171428571428572,61153.94,4.725714285714286,0.38285714285714284
2016-07-17,144.0216,0.696,56456.98,4.744,0.304
2016-07-18,134.30197802197802,0.7032967032967032,72668.41,4.467032967032967,0.2967032967032967
2016-07-19,138.67732673267327,0.7425742574257426,39132.81,3.5544554455445545,0.25742574257425743
2016-07-20,115.79340277777777,0.5972222222222222,33629.43,2.875,0.4027777777777778
2016-07-21,121.90448113207547,0.7075471698113207,59866.01,2.8679245283018866,0.29245283018867924
2016-07-22,123.86024,0.6639999999999999,37174.36,3.504,0.336
2016-07-23,138.82545918367347,0.7040816326530612,75521.87,4.1479591836734695,0.29591836734693877
2016-07-24,130.22815384615384,0.7076923076923076,51959.8,4.1461538461538465,0.2923076923076923
2016-07-25,132.614161849711,0.6647398843930636,68898.06,4.491329479768786,0.3352601156069364
2016-07-26,136.62867256637168,0.7345132743362832,37680.85,3.433628318584071,0.26548672566371684
2016-07-27,126.04542253521127,0.5774647887323944,43176.2,3.471830985915493,0.4225352112676056
2016-07-28,121.15385620915033,0.6405228758169934,45812.58,3.287581699346405,0.35947712418300654
2016-07-29,149.32065420560747,0.8130841121495327,41610.75,3.1121495327102804,0.18691588785046728
2016-07-30,136.89970588235295,0.7647058823529411,65183.38,3.5049019607843137,0.23529411764705882
2016-07-31,143.58298245614034,0.7280701754385965,52023.74,4.5701754385964914,0.2719298245614035
2016-08-01,144.3596682464455,0.6682464454976303,98996.17,5.0,0.33175355450236965
2016-08-02,148.3002962962963,0.6888888888888889,57074.62,4.474074074074074,0.3111111111111111
2016-08-03,137.12567375886525,0.7092198581560284,56735.14,4.375886524822695,0.2907801418439716
2016-08-04,134.39816091954023,0.5919540229885057,61294.52,3.5919540229885056,0.40804597701149425
2016-08-05,143.2420382165605,0.5732484076433121,47006.37,3.121019108280255,0.4267515923566879
2016-08-06,152.2759493670886,0.6329113924050633,58717.81,4.012658227848101,0.3670886075949367
2016-08-07,158.81308823529412,0.6764705882352942,51191.5,3.7794117647058822,0.3235294117647059
2016-08-08,150.62009523809525,0.6761904761904762,94421.65,4.576190476190476,0.3238095238095238
2016-08-09,141.89504132231406,0.7107438016528926,51560.33,4.297520661157025,0.2892561983471074
2016-08-10,146.8494202898551,0.5434782608695652,41521.51,3.36231884057971,0.45652173913043476
2016-08-11,131.07636842105262,0.5,55681.46,3.1052631578947367,0.5
2016-08-12,147.53546511627906,0.6918604651162791,60361.97,3.505813953488372,0.3081395348837209
2016-08-13,159.4770754716981,0.5377358490566038,69390.23,3.6839622641509435,0.46226415094339623
2016-08-14,159.61942028985507,0.6884057971014492,60150.28,4.659420289855072,0.3115942028985507
2016-08-15,159.36525714285713,0.6285714285714286,76332.84,4.514285714285714,0.37142857142857144
2016-08-16,164.15987261146495,0.6560509554140128,67970.4,4.24203821656051,0.34394904458598724
2016-08-17,156.0897902097902,0.6223776223776224,46426.88,3.3426573426573425,0.3776223776223776
2016-08-18,132.93679653679655,0.6147186147186148,57952.89,2.987012987012987,0.3852813852813853
2016-08-19,149.2388484848485,0.5575757575757576,46025.77,3.3575757575757574,0.44242424242424244
2016-08-20,149.78375634517766,0.6903553299492386,74343.32,4.0152284263959395,0.3096446700507614
2016-08-21,138.28935064935067,0.7272727272727273,66129.24,4.357142857142857,0.2727272727272727
2016-08-22,155.67655913978496,0.6344086021505376,84748.5,4.516129032258065,0.3655913978494624
2016-08-23,147.3559649122807,0.6578947368421053,44106.82,4.078947368421052,0.34210526315789475
2016-08-24,143.61795918367346,0.6122448979591837,41660.16,3.6122448979591835,0.3877551020408163
2016-08-25,118.54867469879517,0.5963855421686747,41166.56,3.2048192771084336,0.4036144578313253
2016-08-26,143.76100591715976,0.6272189349112426,50611.87,3.591715976331361,0.3727810650887574
2016-08-27,136.60164285714285,0.5857142857142856,54370.42,4.507142857142857,0.4142857142857143
2016-08-28,134.91257485029942,0.6946107784431137,62312.97,4.029940119760479,0.30538922155688625
2016-08-29,125.2032098765432,0.6728395061728395,54620.76,4.506172839506172,0.3271604938271605
2016-08-30,129.5606106870229,0.6564885496183206,36027.55,3.7251908396946565,0.3435114503816794
2016-08-31,122.52130081300814,0.7235772357723578,40414.24,3.7804878048780486,0.2764227642276423
2016-09-01,112.55062500000001,0.5833333333333333,58912.42,4.395833333333333,0.4166666666666667
2016-09-02,129.11189655172416,0.6149425287356323,45223.55,3.6264367816091956,0.3850574712643678
2016-09-03,111.65248587570622,0.6101694915254237,48312.23,3.983050847457627,0.3898305084745763
2016-09-04,123.645,0.6060606060606061,39862.94,4.5,0.3939393939393939
2016-09-05,119.13704918032788,0.7213114754098361,74311.33,4.961748633879782,0.2786885245901639
2016-09-06,128.28206185567012,0.7628865979381443,41893.94,4.422680412371134,0.23711340206185566
2016-09-07,114.31282442748092,0.4274809160305344,28205.91,3.5343511450381677,0.5725190839694656
2016-09-08,109.99760765550239,0.44976076555023925,39197.5,3.0239234449760763,0.5502392344497608
2016-09-09,123.91333333333333,0.42592592592592593,36880.94,2.9166666666666665,0.5740740740740741
2016-09-10,121.86426086956521,0.7652173913043478,39460.48,3.9304347826086956,0.23478260869565218
2016-09-11,122.79717647058824,0.7058823529411764,43700.25,3.3117647058823527,0.29411764705882354
2016-09-12,119.06461538461538,0.7041420118343196,39457.38,3.331360946745562,0.2958579881656805
2016-09-13,119.02085365853658,0.8902439024390244,48447.81,2.9146341463414633,0.10975609756097561
2016-09-14,114.1208661417323,0.7086614173228347,29922.11,2.8976377952755907,0.29133858267716534
2016-09-15,115.96936102236423,0.5559105431309904,57108.04,2.853035143769968,0.4440894568690096
2016-09-16,117.7925,0.5416666666666667,40389.32,2.8287037037037037,0.4583333333333333
2016-09-17,121.23336134453781,0.7394957983193278,38463.520000000004,3.4873949579831933,0.2605042016806723
2016-09-18,113.12438596491228,0.7426900584795322,46818.12,3.6783625730994154,0.2573099415204678
2016-09-19,114.65982608695651,0.6260869565217391,50871.590000000004,3.4217391304347826,0.3739130434782609
2016-09-20,114.22951219512194,0.5658536585365854,34964.93,3.502439024390244,0.43414634146341463
2016-09-21,98.09458536585366,0.751219512195122,49675.22,3.6878048780487807,0.24878048780487805
2016-09-22,117.66154639175258,0.5979381443298969,37846.13,3.077319587628866,0.4020618556701031
2016-09-23,122.63848920863309,0.7122302158273381,32259.0,2.870503597122302,0.28776978417266186
2016-09-24,132.72065573770493,0.4918032786885246,28496.26,3.19672131147541,0.5081967213114754
2016-09-25,115.70935064935065,0.7857142857142857,46833.39,3.538961038961039,0.21428571428571427
2016-09-26,104.00530201342282,0.5436241610738255,71696.49,4.436241610738255,0.4563758389261745
2016-09-27,119.78,0.7622950819672132,32106.41,3.2540983606557377,0.23770491803278687
2016-09-28,110.50323308270677,0.736842105263158,31767.17,3.0150375939849625,0.2631578947368421
2016-09-29,102.41862637362637,0.5714285714285714,31978.35,3.032967032967033,0.42857142857142855
2016-09-30,115.05865724381626,0.46996466431095407,44579.96,3.1130742049469964,0.5300353356890459
2016-10-01,103.69906593406593,0.34065934065934067,24377.02,3.2362637362637363,0.6593406593406593
2016-10-02,105.62380952380953,0.7210884353741497,37057.26,3.578231292517007,0.2789115646258503
2016-10-03,107.40725888324873,0.6548223350253808,40081.28,3.3705583756345177,0.34517766497461927
2016-10-04,108.09934640522876,0.6143790849673203,36419.409999999996,3.888888888888889,0.38562091503267976
2016-10-05,108.2225806451613,0.5591397849462365,30033.71,3.247311827956989,0.44086021505376344
2016-10-06,86.09604240282685,0.5936395759717314,42274.16,3.1943462897526502,0.40636042402826855
2016-10-07,118.56972375690607,0.6132596685082873,39525.520000000004,2.8066298342541436,0.3867403314917127
2016-10-08,100.24690476190477,0.5238095238095238,24822.91,3.865079365079365,0.47619047619047616
2016-10-09,83.89751173708919,0.6525821596244131,35206.27,3.07981220657277,0.3474178403755869
2016-10-10,109.57199029126214,0.6699029126213591,35705.45,2.3737864077669903,0.3300970873786408
2016-10-11,101.18927374301677,0.7094972067039106,30325.920000000002,2.5195530726256985,0.2905027932960894
2016-10-12,90.9493675889328,0.5731225296442688,41056.05,3.292490118577075,0.4268774703557312
2016-10-13,101.28412280701754,0.41520467836257313,34416.42,2.5672514619883042,0.5847953216374269
2016-10-14,106.315291005291,0.7407407407407407,40078.23,3.17989417989418,0.25925925925925924
2016-10-15,119.97286885245902,0.4098360655737705,21168.82,3.762295081967213,0.5901639344262295
2016-10-16,92.25542857142857,0.5214285714285714,55650.98,3.4535714285714287,0.4785714285714286
2016-10-17,98.62004807692308,0.5096153846153846,38843.79,3.4134615384615383,0.49038461538461536
2016-10-18,86.9642962962963,0.6962962962962963,24489.4,2.8666666666666667,0.3037037037037037
2016-10-19,94.0616935483871,0.6935483870967742,29167.39,3.2983870967741935,0.3064516129032258
2016-10-20,83.07987704918034,0.610655737704918,38575.7,3.1557377049180326,0.38934426229508196
2016-10-21,101.37167346938776,0.4163265306122449,34946.5,2.914285714285714,0.5836734693877551
2016-10-22,99.00890804597701,0.41954022988505746,28473.91,4.005747126436781,0.5804597701149425
2016-10-23,92.32376344086022,0.8655913978494624,45811.83,3.360215053763441,0.13440860215053763
2016-10-24,85.46555555555555,0.7333333333333334,30370.49,3.7925925925925927,0.26666666666666666
2016-10-25,93.55052631578947,0.8223684210526316,34694.73,3.0789473684210527,0.17763157894736842
2016-10-26,90.39143790849673,0.673202614379085,25696.51,3.3333333333333335,0.32679738562091504
2016-10-27,82.3296335078534,0.481675392670157,23449.22,3.089005235602094,0.518324607329843
2016-10-28,94.79551515151515,0.4484848484848485,37948.35,2.7515151515151515,0.5515151515151515
2016-10-29,91.8025541125541,0.6536796536796536,39852.11,3.294372294372294,0.3463203463203463
2016-10-30,88.55793427230047,0.6103286384976525,37670.21,3.427230046948357,0.38967136150234744
2016-10-31,85.78620689655172,0.7931034482758621,33912.29,4.048275862068966,0.20689655172413793
2016-11-01,91.67919047619048,0.3857142857142857,24145.29,3.3714285714285714,0.6142857142857143
2016-11-02,83.46225352112675,0.795774647887324,30575.96,3.704225352112676,0.20422535211267606
2016-11-03,78.52229074889868,0.39207048458149785,22842.16,2.8237885462555066,0.6079295154185022
2016-11-04,88.12517094017095,0.4487179487179487,27630.57,3.0213675213675213,0.5512820512820513
2016-11-05,84.61216346153847,0.47596153846153844,26381.06,2.8653846153846154,0.5240384615384616
2016-11-06,112.60950819672132,0.7540983606557377,41224.78,4.213114754098361,0.2459016393442623
2016-11-07,108.39002770083103,0.3490304709141274,55410.55,3.1911357340720223,0.6509695290858726
2016-11-08,87.45400000000001,0.8470588235294118,17899.3,3.3176470588235296,0.15294117647058825
2016-11-09,94.37376811594203,0.8115942028985508,15911.41,3.260869565217391,0.18840579710144928
2016-11-10,88.72535211267606,0.6901408450704225,28144.29,3.2183098591549295,0.30985915492957744
2016-11-11,84.4711330049261,0.6748768472906403,30805.58,2.7635467980295565,0.3251231527093596
2016-11-12,73.55314685314686,0.6433566433566433,26083.61,4.3076923076923075,0.35664335664335667
2016-11-13,77.09935483870967,0.782258064516129,28488.620000000003,4.225806451612903,0.21774193548387097
2016-11-14,73.18654929577464,0.823943661971831,30357.13,3.7253521126760565,0.176056338028169
2016-11-15,65.47,0.851063829787234,13321.5,2.8085106382978724,0.14893617021276595
2016-11-16,76.94,0.7209302325581395,22174.77,3.4728682170542635,0.27906976744186046
2016-11-17,71.63767295597484,0.6352201257861636,22857.21,3.2452830188679247,0.36477987421383645
2016-11-18,78.47203980099502,0.6368159203980099,29006.0,3.0,0.36318407960199006
2016-11-19,77.55764705882353,0.7205882352941176,23178.41,3.5073529411764706,0.27941176470588236
2016-11-20,77.36880434782609,0.6195652173913043,14909.55,4.173913043478261,0.3804347826086957
2016-11-21,76.15759776536312,0.8156424581005587,30166.96,2.8603351955307263,0.18435754189944134
2016-11-22,76.51093333333333,0.72,10252.84,2.7866666666666666,0.28
2016-11-23,72.08902912621359,0.7766990291262136,16396.239999999998,3.29126213592233,0.22330097087378642
2016-11-24,71.36852173913043,0.6695652173913044,17255.95,2.756521739130435,0.33043478260869563
2016-11-25,79.67524064171123,0.6470588235294117,22316.98,2.2941176470588234,0.35294117647058826
2016-11-26,68.97068965517242,0.6896551724137931,14507.95,2.6120689655172415,0.3103448275862069
2016-11-27,77.43379746835444,0.5822784810126582,13390.73,4.0886075949367084,0.4177215189873418
2016-11-28,67.7651282051282,0.7264957264957265,13333.84,2.4017094017094016,0.27350427350427353
2016-11-29,72.02420560747663,0.6542056074766356,10788.59,2.7570093457943927,0.34579439252336447
2016-11-30,73.6640909090909,0.7272727272727273,9085.64,2.6515151515151514,0.2727272727272727
2016-12-01,75.06156069364161,0.4335260115606936,20785.27,3.514450867052023,0.5664739884393064
2016-12-02,77.93620512820513,0.5897435897435898,20569.760000000002,2.7743589743589743,0.41025641025641024
2016-12-03,84.59751351351352,0.6216216216216216,27529.98,2.848648648648649,0.3783783783783784
2016-12-04,85.46729411764706,0.6352941176470588,13492.79,3.611764705882353,0.36470588235294116
2016-12-05,80.87919117647058,0.7794117647058824,24171.34,3.2279411764705883,0.22058823529411764
2016-12-06,81.64034090909091,0.5795454545454546,11111.21,2.8295454545454546,0.42045454545454547
2016-12-07,85.65565217391304,0.5913043478260869,16414.43,3.4,0.40869565217391307
2016-12-08,85.32751072961373,0.630901287553648,38657.25,3.07725321888412,0.36909871244635195
2016-12-09,76.58232142857142,0.5803571428571428,13720.39,2.767857142857143,0.41964285714285715
2016-12-10,83.98903225806451,0.7096774193548387,12769.6,2.7204301075268815,0.2903225806451613
2016-12-11,77.28486486486486,0.7837837837837838,4214.48,2.4324324324324325,0.21621621621621623
2016-12-12,68.06013157894736,0.7105263157894737,8081.96,3.3421052631578947,0.2894736842105263
2016-12-13,67.65054054054055,0.8378378378378378,11947.95,3.324324324324324,0.16216216216216217
2016-12-14,65.90885714285714,0.8571428571428572,9684.47,2.3,0.14285714285714285
2016-12-15,67.3165934065934,0.5164835164835164,9740.37,3.1758241758241756,0.4835164835164835
2016-12-16,74.19978417266188,0.5611510791366907,11273.51,2.431654676258993,0.43884892086330934
2016-12-17,71.52935779816514,0.7339449541284404,16664.23,3.541284403669725,0.26605504587155965
2016-12-18,82.01451612903226,0.8225806451612903,12930.44,3.467741935483871,0.1774193548387097
2016-12-19,75.99260416666667,0.71875,13588.14,3.3541666666666665,0.28125
2016-12-20,74.86197368421053,0.6710526315789473,14520.91,3.9078947368421053,0.32894736842105265
2016-12-21,81.5560465116279,0.6976744186046512,20844.98,4.1395348837209305,0.3023255813953488
2016-12-22,76.39703999999999,0.552,28367.88,4.576,0.448
2016-12-23,84.1666935483871,0.6048387096774194,25687.73,4.362903225806452,0.3951612903225806
2016-12-24,86.87,0.6910569105691057,30064.37,4.162601626016261,0.3089430894308943
2016-12-25,91.93847222222222,0.75,15145.76,3.611111111111111,0.25
2016-12-26,93.17,0.42944785276073616,23804.04,4.380368098159509,0.5705521472392638
2016-12-27,82.65204761904762,0.7095238095238094,42002.54,3.876190476190476,0.2904761904761905
2016-12-28,106.68537414965986,0.564625850340136,39582.86,4.571428571428571,0.43537414965986393
2016-12-29,102.62875776397516,0.577639751552795,36193.57,3.875776397515528,0.422360248447205
2016-12-30,160.03884615384615,0.6239316239316239,63914.91,2.7264957264957266,0.37606837606837606
2016-12-31,151.6525,0.6447368421052632,20393.6,3.0789473684210527,0.35526315789473684
2017-01-01,83.97785714285713,0.6111111111111112,19970.85,3.1984126984126986,0.3888888888888889
2017-01-02,88.47160000000001,0.6514285714285715,32926.81,3.56,0.3485714285714286
2017-01-03,87.31826446280992,0.6446280991735538,21928.35,3.4710743801652892,0.35537190082644626
2017-01-04,75.2657142857143,0.6483516483516483,13290.94,3.5054945054945055,0.3516483516483517
2017-01-05,75.24275510204082,0.6122448979591837,13935.69,3.663265306122449,0.3877551020408163
2017-01-06,79.74684684684685,0.6486486486486487,17149.69,3.4504504504504503,0.35135135135135137
2017-01-07,77.70698795180724,0.8072289156626506,17962.77,4.216867469879518,0.1927710843373494
2017-01-08,70.68390909090908,0.5454545454545454,14025.67,3.4545454545454546,0.45454545454545453
2017-01-09,67.002,0.8,12785.63,3.72,0.2
2017-01-10,66.28354166666666,0.8541666666666666,14773.09,4.09375,0.14583333333333334
2017-01-11,71.09559322033898,0.7627118644067796,8877.76,2.7288135593220337,0.23728813559322035
2017-01-12,68.54057971014493,0.6594202898550725,14440.31,2.6231884057971016,0.34057971014492755
2017-01-13,83.592,0.6333333333333333,10897.36,2.3666666666666667,0.36666666666666664
2017-01-14,79.26858333333332,0.39583333333333337,18305.12,2.0875,0.6041666666666666
2017-01-15,80.36484375,0.703125,17137.61,5.890625,0.296875
2017-01-16,65.69891191709844,0.7979274611398963,32391.67,3.22279792746114,0.20207253886010362
2017-01-17,71.29816666666667,0.8333333333333334,9140.54,2.466666666666667,0.16666666666666666
2017-01-18,73.51570776255708,0.6118721461187215,24774.64,2.625570776255708,0.3881278538812785
2017-01-19,72.29487804878049,0.7154471544715447,24160.45,3.3495934959349594,0.2845528455284553
2017-01-20,85.76317073170732,0.6219512195121951,10875.86,2.9146341463414633,0.3780487804878049
2017-01-21,75.68684210526315,0.6754385964912281,13323.97,3.3508771929824563,0.32456140350877194
2017-01-22,77.36689655172414,0.7701149425287357,18776.93,4.114942528735632,0.22988505747126436
2017-01-23,77.44257309941521,0.39181286549707606,15795.4,2.9239766081871346,0.6081871345029239
2017-01-24,71.43593023255814,0.7558139534883721,12738.66,3.63953488372093,0.2441860465116279
2017-01-25,75.58708994708994,0.4814814814814815,18684.89,2.4444444444444446,0.5185185185185185
2017-01-26,64.54607142857142,0.7142857142857143,14210.75,2.8214285714285716,0.2857142857142857
2017-01-27,70.17296551724138,0.7724137931034483,18879.59,2.8551724137931034,0.22758620689655173
2017-01-28,73.26083333333334,0.6944444444444444,12664.7,2.6203703703703702,0.3055555555555556
2017-01-29,69.22873239436619,0.7887323943661972,12709.39,4.070422535211268,0.2112676056338028
2017-01-30,71.07981308411215,0.7570093457943925,15481.8,2.9345794392523366,0.24299065420560748
2017-01-31,68.39554054054055,0.8513513513513513,9138.57,2.4324324324324325,0.14864864864864866
2017-02-01,65.08266666666667,0.3666666666666667,7818.18,3.22,0.6333333333333333
2017-02-02,76.7892125984252,0.6692913385826771,24527.59,3.2913385826771653,0.33070866141732286
2017-02-03,81.26628099173553,0.7024793388429752,16837.7,2.7520661157024793,0.2975206611570248
2017-02-04,70.05236842105262,0.7697368421052632,24302.74,3.486842105263158,0.23026315789473684
2017-02-05,77.37943820224719,0.7865168539325843,25122.57,4.629213483146067,0.21348314606741572
2017-02-06,76.04242990654205,0.7757009345794392,17686.91,3.177570093457944,0.22429906542056074
2017-02-07,78.3187323943662,0.7464788732394366,11211.47,3.0422535211267605,0.2535211267605634
2017-02-08,65.16180555555555,0.875,12871.51,3.3472222222222223,0.125
2017-02-09,77.31923076923077,0.6783216783216783,24766.32,3.272727272727273,0.32167832167832167
2017-02-10,78.64908602150537,0.564516129032258,23363.13,3.172043010752688,0.43548387096774194
2017-02-11,78.68087301587302,0.6746031746031746,19999.36,3.4126984126984126,0.3253968253968254
2017-02-12,84.3648730964467,0.5076142131979695,35387.43,3.4416243654822334,0.49238578680203043
2017-02-13,82.2594708994709,0.7566137566137566,39337.53,3.6507936507936507,0.24338624338624337
2017-02-14,85.94561643835615,0.6438356164383562,16600.89,2.287671232876712,0.3561643835616438
2017-02-15,82.77993055555555,0.8263888888888888,30812.5,3.5069444444444446,0.1736111111111111
2017-02-16,79.70301587301587,0.6190476190476191,23204.22,3.6825396825396823,0.38095238095238093
2017-02-17,78.1916826923077,0.6009615384615384,29393.02,3.1586538461538463,0.39903846153846156
2017-02-18,73.71007936507937,0.7063492063492063,23470.73,3.119047619047619,0.29365079365079366
2017-02-19,78.18592592592593,0.7481481481481482,28417.82,3.688888888888889,0.2518518518518518
2017-02-20,78.75479532163743,0.6374269005847953,28644.69,3.192982456140351,0.36257309941520466
2017-02-21,72.2682,0.79,16383.57,3.18,0.21
2017-02-22,69.18497041420119,0.7928994082840237,24978.48,3.0177514792899407,0.20710059171597633
2017-02-23,77.38616766467065,0.5868263473053892,23259.23,3.0838323353293413,0.41317365269461076
2017-02-24,84.87801324503312,0.6423841059602649,20313.77,2.8940397350993377,0.3576158940397351
2017-02-25,81.70297124600638,0.5942492012779552,35240.49,2.463258785942492,0.4057507987220447
2017-02-26,83.66724324324325,0.7459459459459459,38933.38,3.7405405405405405,0.25405405405405407
2017-02-27,87.3233076923077,0.7615384615384615,26606.2,3.1923076923076925,0.23846153846153847
2017-02-28,67.0927,0.64,13879.33,2.67,0.36
2017-03-01,72.65647482014388,0.7122302158273381,39884.65,9.172661870503598,0.28776978417266186
2017-03-02,76.15823353293413,0.5329341317365269,35108.85,3.1167664670658684,0.46706586826347307
2017-03-03,92.40691729323309,0.6992481203007519,20327.09,2.699248120300752,0.3007518796992481
2017-03-04,90.70209302325581,0.6744186046511628,15673.84,3.5348837209302326,0.32558139534883723
2017-03-05,72.61988950276243,0.6961325966850829,45439.03,5.386740331491713,0.30386740331491713
2017-03-06,80.1726797385621,0.7973856209150327,28340.96,2.8758169934640523,0.20261437908496732
2017-03-07,82.20211382113821,0.7479674796747968,23870.61,3.6178861788617884,0.25203252032520324
2017-03-08,81.67744680851064,0.7234042553191489,18635.45,3.6382978723404253,0.2765957446808511
2017-03-09,74.14748792270532,0.5265700483091788,22599.07,2.8405797101449277,0.47342995169082125
2017-03-10,90.25186046511628,0.7441860465116279,31255.93,2.8430232558139537,0.2558139534883721
2017-03-11,80.17959064327486,0.5964912280701755,28207.71,4.2105263157894735,0.40350877192982454
2017-03-12,74.47295652173912,0.6956521739130435,26566.16,4.730434782608696,0.30434782608695654
2017-03-13,85.94528037383178,0.6168224299065421,32738.19,2.6728971962616823,0.38317757009345793
2017-03-14,77.81701754385965,0.6081871345029239,30529.49,5.356725146198831,0.391812865497076
2017-03-15,82.43506912442396,0.4838709677419355,25203.75,3.142857142857143,0.5161290322580645
2017-03-16,81.45301136363636,0.6761363636363636,36534.04,3.8068181818181817,0.32386363636363635
2017-03-17,96.04423611111112,0.6527777777777778,23768.39,2.9027777777777777,0.3472222222222222
2017-03-18,89.19842975206612,0.7355371900826446,23328.88,3.2644628099173554,0.2644628099173554
2017-03-19,78.18267605633802,0.8380281690140845,39343.62,4.535211267605634,0.1619718309859155
2017-03-20,86.49521212121212,0.806060606060606,35089.45,3.315151515151515,0.19393939393939394
2017-03-21,83.93180000000001,0.45333333333333337,18101.09,3.54,0.5466666666666666
2017-03-22,91.63314606741574,0.6853932584269663,17258.37,3.067415730337079,0.3146067415730337
2017-03-23,90.21855172413794,0.6137931034482759,24388.53,3.1310344827586207,0.38620689655172413
2017-03-24,88.51574468085106,0.675531914893617,29971.02,3.0638297872340425,0.324468085106383
2017-03-25,84.94134751773049,0.6453900709219857,25821.07,3.6879432624113475,0.3546099290780142
2017-03-26,85.65111111111112,0.7380952380952381,32278.39,4.055555555555555,0.2619047619047619
2017-03-27,82.57346153846154,0.6208791208791209,28309.32,2.840659340659341,0.3791208791208791
2017-03-28,78.85113636363636,0.7613636363636364,20346.12,4.0227272727272725,0.23863636363636365
2017-03-29,79.22164473684211,0.8421052631578947,29195.04,2.875,0.15789473684210525
2017-03-30,87.38416184971098,0.6820809248554913,38765.94,3.3352601156069364,0.3179190751445087
2017-03-31,97.60266666666668,0.6047619047619048,37944.92,3.0047619047619047,0.3952380952380952
2017-04-01,108.93146153846153,0.6461538461538461,33795.11,4.015384615384615,0.35384615384615387
2017-04-02,104.90177083333333,0.78125,30054.32,3.8229166666666665,0.21875
2017-04-03,99.36513157894737,0.6096491228070176,46337.64,3.3157894736842106,0.39035087719298245
2017-04-04,110.86682926829269,0.4796747967479674,22445.1,3.073170731707317,0.5203252032520326
2017-04-05,90.79842741935484,0.6290322580645161,46413.21,3.5201612903225805,0.3709677419354839
2017-04-06,111.99916299559472,0.4008810572687225,33154.01,3.1233480176211454,0.5991189427312775
2017-04-07,126.28546875,0.6328125,26856.7,2.921875,0.3671875
2017-04-08,113.13543147208122,0.5532994923857868,47687.08,4.558375634517766,0.4467005076142132
2017-04-09,108.21666666666667,0.5091575091575091,60435.75,4.0,0.4908424908424908
2017-04-10,118.00380681818181,0.6647727272727273,45785.64,3.4829545454545454,0.3352272727272727
2017-04-11,120.42970149253732,0.7388059701492538,40278.77,3.5074626865671643,0.26119402985074625
2017-04-12,124.00689393939393,0.6439393939393939,34677.02,3.4696969696969697,0.3560606060606061
2017-04-13,127.88809917355371,0.5289256198347108,52719.91,3.5950413223140494,0.47107438016528924
2017-04-14,120.32196428571429,0.5357142857142857,46415.659999999996,3.3348214285714284,0.4642857142857143
2017-04-15,117.01491228070176,0.4342105263157895,39918.43,3.7719298245614037,0.5657894736842105
2017-04-16,112.0234730538922,0.5089820359281437,42472.58,4.221556886227545,0.49101796407185627
2017-04-17,113.95402298850574,0.6724137931034483,43393.66,3.5057471264367814,0.3275862068965517
2017-04-18,108.24426356589147,0.6434108527131783,23829.07,3.0310077519379846,0.35658914728682173
2017-04-19,114.08817567567567,0.7702702702702703,48073.67,3.668918918918919,0.22972972972972974
2017-04-20,104.91548387096773,0.6193548387096774,36872.68,3.47741935483871,0.38064516129032255
2017-04-21,114.75146118721462,0.4383561643835616,38198.1,3.1552511415525113,0.5616438356164384
2017-04-22,105.62522727272727,0.4636363636363636,53702.43,4.754545454545455,0.5363636363636364
2017-04-23,98.30904191616767,0.6407185628742516,46194.12,4.323353293413174,0.3592814371257485
2017-04-24,114.85209302325582,0.7441860465116279,38776.07,3.7286821705426356,0.2558139534883721
2017-04-25,112.30174311926605,0.6880733944954128,25121.71,2.5871559633027523,0.3119266055045872
2017-04-26,116.24608208955225,0.27611940298507465,20877.4,2.9402985074626864,0.7238805970149254
2017-04-27,115.36720207253886,0.5284974093264249,32199.44,3.051813471502591,0.47150259067357514
2017-04-28,124.28242307692308,0.6153846153846154,59908.31,3.0730769230769233,0.38461538461538464
2017-04-29,111.0198480243161,0.5106382978723405,50516.03,3.2066869300911853,0.48936170212765956
2017-04-30,106.53675324675325,0.6428571428571428,36156.48,4.2727272727272725,0.35714285714285715
2017-05-01,120.51229268292683,0.5707317073170732,51142.25,4.014634146341463,0.4292682926829268
2017-05-02,109.73734104046244,0.7572254335260116,46895.65,3.699421965317919,0.24277456647398843
2017-05-03,113.5557619047619,0.42380952380952386,26730.15,3.223809523809524,0.5761904761904761
2017-05-04,111.12030651340997,0.4137931034482759,35604.12,3.2260536398467434,0.5862068965517241
2017-05-05,118.29003861003861,0.5173745173745175,44971.7,3.0656370656370657,0.4826254826254826
2017-05-06,113.41375565610859,0.48416289592760176,43220.98,3.5429864253393664,0.5158371040723982
2017-05-07,111.89201492537313,0.6492537313432836,35678.18,4.141791044776119,0.35074626865671643
2017-05-08,112.75356807511736,0.6103286384976525,54119.08,3.9859154929577465,0.38967136150234744
2017-05-09,108.95620370370371,0.6435185185185186,44710.9,2.861111111111111,0.35648148148148145
2017-05-10,126.11615384615384,0.532051282051282,28111.23,3.076923076923077,0.46794871794871795
2017-05-11,126.09769607843137,0.6225490196078431,52048.76,3.406862745098039,0.37745098039215685
2017-05-12,135.98198675496687,0.6357615894039735,34130.17,3.1258278145695364,0.36423841059602646
2017-05-13,120.06569060773481,0.5856353591160222,46346.78,3.9226519337016574,0.4143646408839779
2017-05-14,114.16753086419753,0.7839506172839507,54419.06,3.8580246913580245,0.21604938271604937
2017-05-15,135.60805111821085,0.3738019169329073,45791.12,3.376996805111821,0.6261980830670927
2017-05-16,112.47579710144927,0.6666666666666667,37048.81,3.891304347826087,0.3333333333333333
2017-05-17,122.25435064935066,0.7077922077922079,43389.92,3.3766233766233764,0.2922077922077922
2017-05-18,129.47677777777778,0.6555555555555556,50116.68,3.8944444444444444,0.34444444444444444
2017-05-19,140.06012779552717,0.28115015974440893,38218.13,2.5559105431309903,0.7188498402555911
2017-05-20,130.31780082987552,0.4481327800829875,40234.47,3.2655601659751037,0.5518672199170125
2017-05-21,127.38587096774194,0.6580645161290323,42474.05,3.6580645161290324,0.3419354838709677
2017-05-22,129.64919191919194,0.6363636363636364,42218.21,2.914141414141414,0.36363636363636365
2017-05-23,114.8305806451613,0.7225806451612904,31898.74,2.445161290322581,0.27741935483870966
2017-05-24,115.19727969348659,0.5823754789272031,40286.48,2.628352490421456,0.41762452107279696
2017-05-25,108.67009836065573,0.6163934426229508,69559.16,3.5901639344262297,0.3836065573770492
2017-05-26,133.41205555555555,0.5444444444444445,36748.52,3.088888888888889,0.45555555555555555
2017-05-27,128.05390977443608,0.5563909774436091,31109.67,3.56390977443609,0.44360902255639095
2017-05-28,114.97732142857141,0.5982142857142857,60804.53,4.125,0.4017857142857143
2017-05-29,117.75357142857143,0.7857142857142857,48450.11,3.8857142857142857,0.21428571428571427
2017-05-30,120.52768907563025,0.37815126050420167,31479.69,2.4873949579831933,0.6218487394957983
2017-05-31,110.99211764705882,0.5470588235294118,33978.71,3.5176470588235293,0.45294117647058824
2017-06-01,120.79491228070177,0.5570175438596492,45634.5,3.289473684210526,0.44298245614035087
2017-06-02,132.0391902834008,0.5303643724696356,52008.48,3.080971659919028,0.46963562753036436
2017-06-03,116.69630136986302,0.5388127853881279,57561.0,4.6438356164383565,0.4611872146118721
2017-06-04,122.33500000000001,0.6527777777777778,50303.49,4.493055555555555,0.3472222222222222
2017-06-05,133.8361176470588,0.6529411764705882,63532.51,4.211764705882353,0.34705882352941175
2017-06-06,126.03137681159421,0.6739130434782609,34988.55,3.3768115942028984,0.32608695652173914
2017-06-07,126.72122448979592,0.5714285714285714,30640.0,2.8435374149659864,0.42857142857142855
2017-06-08,138.2577014925373,0.3522388059701492,55789.45,3.3044776119402983,0.6477611940298508
2017-06-09,131.26756880733944,0.555045871559633,46408.55,3.091743119266055,0.44495412844036697
2017-06-10,137.47507246376813,0.6956521739130435,51282.21,4.231884057971015,0.30434782608695654
2017-06-11,119.07056074766355,0.6074766355140186,59839.61,4.098130841121495,0.3925233644859813
2017-06-12,123.91748603351955,0.5977653631284916,47157.86,3.536312849162011,0.4022346368715084
2017-06-13,119.66658333333334,0.7,43580.32,3.966666666666667,0.3
2017-06-14,122.8743137254902,0.5686274509803921,37946.49,4.006535947712418,0.43137254901960786
2017-06-15,128.64617346938778,0.6071428571428572,60561.18,4.030612244897959,0.39285714285714285
2017-06-16,123.19629834254143,0.5138121546961326,36843.01,3.5193370165745854,0.4861878453038674
2017-06-17,129.46037974683546,0.4472573839662447,57420.99,4.6455696202531644,0.5527426160337553
2017-06-18,121.32812080536912,0.5973154362416108,39969.44,4.147651006711409,0.40268456375838924
2017-06-19,133.25237837837838,0.5945945945945945,58113.76,4.221621621621622,0.40540540540540543
2017-06-20,134.55339285714285,0.625,47163.69,3.5238095238095237,0.375
2017-06-21,133.22478260869565,0.49689440993788825,45003.49,4.186335403726708,0.5031055900621118
2017-06-22,123.96066666666665,0.6484848484848484,49188.2,3.8,0.3515151515151515
2017-06-23,123.3986224489796,0.5255102040816326,43214.93,3.295918367346939,0.4744897959183674
2017-06-24,129.98078313253012,0.5481927710843373,51977.32,4.554216867469879,0.45180722891566266
2017-06-25,121.84894444444446,0.7222222222222222,47693.020000000004,3.6777777777777776,0.2777777777777778
2017-06-26,125.1777540106952,0.5401069518716577,51898.38,4.080213903743315,0.45989304812834225
2017-06-27,120.50194029850746,0.5422885572139303,40709.38,3.63681592039801,0.4577114427860697
2017-06-28,116.57173515981735,0.5022831050228311,42257.44,3.2100456621004567,0.4977168949771689
2017-06-29,135.3893710691824,0.5723270440251572,41780.59,3.3836477987421385,0.4276729559748428
2017-06-30,132.88109375,0.6041666666666667,48022.7,3.0833333333333335,0.3958333333333333
2017-07-01,132.4303314917127,0.6132596685082873,65258.1,4.7845303867403315,0.3867403314917127
2017-07-02,136.64191780821918,0.6301369863013699,43074.02,3.9246575342465753,0.3698630136986301
2017-07-03,142.15348837209302,0.627906976744186,60908.8,4.843023255813954,0.37209302325581395
2017-07-04,119.66394871794873,0.7435897435897436,70036.93,3.882051282051282,0.2564102564102564
2017-07-05,130.01795620437954,0.5109489051094891,28796.32,3.7664233576642334,0.48905109489051096
2017-07-06,128.2201530612245,0.6785714285714286,53651.659999999996,3.295918367346939,0.32142857142857145
2017-07-07,131.5269189189189,0.5513513513513513,38716.81,2.7513513513513512,0.4486486486486487
2017-07-08,142.77826086956523,0.6666666666666667,50887.25,4.043478260869565,0.3333333333333333
2017-07-09,133.3109952606635,0.6161137440758293,62388.23,3.5355450236966823,0.38388625592417064
2017-07-10,142.33263440860213,0.6397849462365591,65636.54,3.763440860215054,0.3602150537634409
2017-07-11,141.93513812154694,0.6187845303867403,60734.49,3.4419889502762433,0.3812154696132597
2017-07-12,135.9468,0.6057142857142856,49850.84,3.474285714285714,0.3942857142857143
2017-07-13,131.6589552238806,0.7263681592039801,54735.52,2.9751243781094527,0.2736318407960199
2017-07-14,163.03007874015748,0.6377952755905512,52910.81,4.062992125984252,0.36220472440944884
2017-07-15,140.86612167300382,0.6083650190114068,79654.48,3.714828897338403,0.3916349809885932
2017-07-16,141.64746666666667,0.6733333333333333,65282.56,4.453333333333333,0.32666666666666666
2017-07-17,152.08,0.5876288659793815,74579.95,4.701030927835052,0.41237113402061853
2017-07-18,135.13128378378377,0.6621621621621622,59785.4,4.114864864864865,0.33783783783783783
2017-07-19,151.27124999999998,0.75,38643.71,3.7708333333333335,0.25
2017-07-20,154.11848484848485,0.6666666666666667,54532.4,4.037878787878788,0.3333333333333333
2017-07-21,154.34697841726617,0.6834532374100719,53770.06,3.661870503597122,0.31654676258992803
2017-07-22,148.13691176470587,0.607843137254902,62556.4,4.014705882352941,0.39215686274509803
2017-07-23,157.7723602484472,0.5838509316770186,68525.22,4.39751552795031,0.4161490683229814
2017-07-24,156.0827142857143,0.6619047619047619,84857.75,4.252380952380952,0.3380952380952381
2017-07-25,151.93273381294966,0.6474820143884892,63594.03,4.0,0.35251798561151076
2017-07-26,148.1135625,0.5,47261.49,4.36875,0.5
2017-07-27,153.36720779220778,0.6298701298701299,52536.7,3.857142857142857,0.37012987012987014
2017-07-28,153.54197604790417,0.5029940119760479,48929.16,3.3832335329341316,0.49700598802395207
2017-07-29,160.97115942028984,0.5169082125603865,69042.33,4.27536231884058,0.4830917874396135
2017-07-30,151.99783582089552,0.6716417910447761,60562.24,4.567164179104478,0.3283582089552239
2017-07-31,164.32016574585637,0.6077348066298343,75338.03,4.530386740331492,0.39226519337016574
2017-08-01,164.47435028248586,0.5649717514124294,67830.58,4.293785310734464,0.4350282485875706
2017-08-02,163.34126666666666,0.6799999999999999,59746.12,4.246666666666667,0.32
2017-08-03,158.97931428571428,0.6057142857142856,71606.07,4.188571428571429,0.3942857142857143
2017-08-04,171.08512345679014,0.6481481481481481,56066.78,3.450617283950617,0.35185185185185186
2017-08-05,184.1246308724832,0.5973154362416108,63000.14,4.416107382550336,0.40268456375838924
2017-08-06,176.28459459459458,0.6148648648648649,66973.61,4.97972972972973,0.38513513513513514
2017-08-07,175.97831683168317,0.6386138613861386,101310.12,4.608910891089109,0.3613861386138614
2017-08-08,160.98751824817518,0.6058394160583942,65022.99,4.094890510948905,0.39416058394160586
2017-08-09,167.31356643356642,0.6573426573426573,59002.56,3.6363636363636362,0.34265734265734266
2017-08-10,162.6648979591837,0.6054421768707483,58497.79,4.108843537414966,0.3945578231292517
2017-08-11,172.23650793650793,0.5873015873015873,46167.59,3.7222222222222223,0.4126984126984127
2017-08-12,161.60054347826087,0.6521739130434783,82783.11,4.608695652173913,0.34782608695652173
2017-08-13,169.83358620689654,0.6344827586206896,66564.93,4.703448275862069,0.36551724137931035
2017-08-14,178.24420731707318,0.6097560975609756,68410.23,4.213414634146342,0.3902439024390244
2017-08-15,154.17440251572327,0.610062893081761,54385.909999999996,3.5849056603773586,0.389937106918239
2017-08-16,161.97942105263158,0.5210526315789474,67345.28,3.7736842105263158,0.4789473684210526
2017-08-17,179.0929081632653,0.5459183673469388,66727.18,3.9642857142857144,0.45408163265306123
2017-08-18,170.4431491712707,0.5524861878453038,57533.11,3.585635359116022,0.44751381215469616
2017-08-19,171.26643617021276,0.5585106382978724,75954.95,4.01063829787234,0.44148936170212766
2017-08-20,160.24579617834394,0.713375796178344,77499.43,4.764331210191083,0.28662420382165604
2017-08-21,170.37767295597484,0.6415094339622642,70814.41,4.2578616352201255,0.3584905660377358
2017-08-22,173.79721649484534,0.731958762886598,50907.6,3.7731958762886597,0.26804123711340205
2017-08-23,164.12943548387096,0.6935483870967742,54353.92,3.75,0.3064516129032258
2017-08-24,162.54367741935485,0.6258064516129032,60319.89,4.006451612903226,0.3741935483870968
2017-08-25,152.12492146596858,0.7329842931937173,59767.520000000004,3.0,0.2670157068062827
2017-08-26,170.60521212121213,0.5818181818181818,59350.479999999996,4.296969696969697,0.41818181818181815
2017-08-27,153.9364739884393,0.7167630057803468,64023.26,3.1965317919075145,0.2832369942196532
2017-08-28,152.72928229665072,0.6985645933014354,87108.88,4.4066985645933014,0.3014354066985646
2017-08-29,145.82201612903225,0.6451612903225806,46555.29,3.911290322580645,0.3548387096774194
2017-08-30,154.00206896551725,0.6896551724137931,33582.1,3.942528735632184,0.3103448275862069
2017-08-31,151.74902255639097,0.6616541353383458,50969.77,3.9774436090225564,0.3383458646616541
